/*
Navicat MySQL Data Transfer

Source Server         : gq
Source Server Version : 50087
Source Host           : localhost:3306
Source Database       : ims

Target Server Type    : MYSQL
Target Server Version : 50087
File Encoding         : 65001

Date: 2015-03-07 00:38:13
*/

SET FOREIGN_KEY_CHECKS=0;

-- ----------------------------
-- Table structure for `b_cat`
-- ----------------------------
DROP TABLE IF EXISTS `b_cat`;
CREATE TABLE `b_cat` (
  `id` int(11) NOT NULL auto_increment,
  `catid` varchar(255) default NULL COMMENT '物理编号，系统生成',
  `catno` varchar(50) NOT NULL COMMENT '货号',
  `catname` varchar(255) default NULL COMMENT '物品名称',
  `seq` varchar(50) default NULL COMMENT '编号，为全球统一编号预留',
  `cattype` varchar(50) default NULL COMMENT '0-试剂,1-耗材',
  `batchno` varchar(50) NOT NULL COMMENT '批号',
  `total` float(10,4) default NULL COMMENT '总数',
  `rType` varchar(50) default NULL COMMENT '分组，按照R特性分组',
  `productDate` datetime default NULL COMMENT '生产日期',
  `producer` varchar(255) default NULL COMMENT '生产商',
  `expiredate` datetime default NULL COMMENT '有效期，过期日',
  `price` decimal(10,4) NOT NULL,
  `priceUnit` varchar(50) default NULL,
  `localPrice` decimal(10,4) default NULL,
  `catFrom` varchar(50) default NULL COMMENT '来源，oversea，local',
  `dealer` varchar(255) default NULL,
  `machineNo` varchar(50) default NULL,
  `machineName` varchar(255) default NULL,
  `orderno` int(11) default '99999' COMMENT '排序号',
  `operator` varchar(50) default NULL,
  `makedate` datetime default NULL,
  `modifydate` datetime default NULL,
  PRIMARY KEY  (`id`)
) ENGINE=InnoDB AUTO_INCREMENT=238 DEFAULT CHARSET=utf8;

-- ----------------------------
-- Records of b_cat
-- ----------------------------
INSERT INTO `b_cat` VALUES ('1', '11183974216-批号1-CNY46900', '11183974216', 'ISE Cal Low', null, '0', '批号1', '2.0000', '1', '2014-04-01 00:00:00', '生产商1', '2015-10-30 00:00:00', '469.2300', '0', '0.0000', '0', '供应商1', null, 'Modular Reagent', '1', 'admin', '2015-03-02 21:21:54', '2015-03-02 21:21:54');
INSERT INTO `b_cat` VALUES ('2', '04880455190-批号2-CNY67400', '04880455190', 'ISE Internal Standard', null, '0', '批号2', '4.0000', '1', '2014-04-01 00:00:00', '生产商2', '2015-10-30 00:00:00', '673.5000', '0', '0.0000', '0', '供应商2', null, 'Modular Reagent', '2', 'admin', '2015-03-02 21:21:54', '2015-03-02 21:21:54');
INSERT INTO `b_cat` VALUES ('3', '04880285190-批号3-CNY14400', '04880285190', 'Cell wash solution / NaOH', null, '0', '批号3', '4.0000', '1', '2014-04-01 00:00:00', '生产商3', '2015-10-30 00:00:00', '143.5900', '0', '0.0000', '0', '供应商3', null, 'Modular Reagent', '3', 'admin', '2015-03-02 21:21:54', '2015-03-02 21:21:54');
INSERT INTO `b_cat` VALUES ('4', '11970909216-批号4-CNY36100', '11970909216', 'ALB', null, '0', '批号4', '2.0000', '1', '2014-04-01 00:00:00', '生产商4', '2015-10-30 00:00:00', '360.6800', '0', '0.0000', '0', '供应商4', null, 'Modular Reagent', '4', 'admin', '2015-03-02 21:21:54', '2015-03-02 21:21:54');
INSERT INTO `b_cat` VALUES ('5', '11876805-批号5-CNY39100', '11876805', 'ALT', null, '0', '批号5', '3.0000', '1', '2014-04-01 00:00:00', '生产商5', '2015-10-30 00:00:00', '390.6000', '0', '0.0000', '0', '供应商5', null, 'Modular Reagent', '5', 'admin', '2015-03-02 21:21:54', '2015-03-02 21:21:54');
INSERT INTO `b_cat` VALUES ('6', '11876848216-批号6-CNY39100', '11876848216', 'AST', null, '0', '批号6', '3.0000', '1', '2014-04-01 00:00:00', '生产商6', '2015-10-30 00:00:00', '390.6000', '0', '0.0000', '0', '供应商6', null, 'Modular Reagent', '6', 'admin', '2015-03-02 21:21:54', '2015-03-02 21:21:54');
INSERT INTO `b_cat` VALUES ('7', '11875418216-批号7-CNY42700', '11875418216', 'CREA Jaff', null, '0', '批号7', '3.0000', '1', '2014-04-01 00:00:00', '生产商7', '2015-10-30 00:00:00', '427.3500', '0', '0.0000', '0', '供应商7', null, 'Modular Reagent', '7', 'admin', '2015-03-02 21:21:54', '2015-03-02 21:21:54');
INSERT INTO `b_cat` VALUES ('8', '11775685216-批号8-CNY523200', '11775685216', 'CREA ', null, '0', '批号8', '0.0000', '1', '2014-04-01 00:00:00', '生产商8', '2015-10-30 00:00:00', '5232.4800', '0', '0.0000', '0', '供应商8', null, 'Modular Reagent', '8', 'admin', '2015-03-02 21:21:54', '2015-03-02 21:21:54');
INSERT INTO `b_cat` VALUES ('9', '11876899216-批号9-CNY94700', '11876899216', 'GLUCOSE HK', null, '0', '批号9', '4.0000', '1', '2014-04-01 00:00:00', '生产商9', '2015-10-30 00:00:00', '947.0100', '0', '0.0000', '0', '供应商9', null, 'Modular Reagent', '9', 'admin', '2015-03-02 21:21:54', '2015-03-02 21:21:54');
INSERT INTO `b_cat` VALUES ('10', '11557335216-批号10-CNY22600', '11557335216', 'Saline', null, '0', '批号10', '1.0000', '1', '2014-04-01 00:00:00', '生产商10', '2015-10-30 00:00:00', '225.6400', '0', '0.0000', '0', '供应商10', null, 'Modular Reagent', '10', 'admin', '2015-03-02 21:21:54', '2015-03-02 21:21:54');
INSERT INTO `b_cat` VALUES ('11', '11822713190-批号11-CNY84200', '11822713190', 'T-Bil', null, '0', '批号11', '4.0000', '1', '2014-04-01 00:00:00', '生产商11', '2015-10-30 00:00:00', '841.8800', '0', '0.0000', '0', '供应商11', null, 'Modular Reagent', '11', 'admin', '2015-03-02 21:21:54', '2015-03-02 21:21:54');
INSERT INTO `b_cat` VALUES ('12', '11929917-批号12-CNY48500', '11929917', 'TP', null, '0', '批号12', '1.0000', '1', '2014-04-01 00:00:00', '生产商12', '2015-10-30 00:00:00', '484.6200', '0', '0.0000', '0', '供应商12', null, 'Modular Reagent', '12', 'admin', '2015-03-02 21:21:54', '2015-03-02 21:21:54');
INSERT INTO `b_cat` VALUES ('13', '11729691216-批号13-CNY110700', '11729691216', 'UREA/BUN', null, '0', '批号13', '1.0000', '1', '2014-04-01 00:00:00', '生产商13', '2015-10-30 00:00:00', '1106.8400', '0', '0.0000', '0', '供应商13', null, 'Modular Reagent', '13', 'admin', '2015-03-02 21:21:54', '2015-03-02 21:21:54');
INSERT INTO `b_cat` VALUES ('14', '11489828216-批号14-CNY55000', '11489828216', 'ISE Compensator', null, '0', '批号14', '0.0000', '1', '2014-04-01 00:00:00', '生产商14', '2015-10-30 00:00:00', '550.0000', '0', '0.0000', '0', '供应商14', null, 'Modular Reagent', '14', 'admin', '2015-03-02 21:21:54', '2015-03-02 21:21:54');
INSERT INTO `b_cat` VALUES ('15', '11489828216-批号15-CNY47000', '11489828216', 'ISE Compensator', null, '0', '批号15', '1.0000', '1', '2014-04-01 00:00:00', '生产商15', '2015-10-30 00:00:00', '470.0900', '0', '0.0000', '0', '供应商15', null, 'Modular Reagent', '15', 'admin', '2015-03-02 21:21:54', '2015-03-02 21:21:54');
INSERT INTO `b_cat` VALUES ('16', '11730347216-批号16-CNY68600', '11730347216', 'P', null, '0', '批号16', '2.0000', '1', '2014-04-01 00:00:00', '生产商16', '2015-10-30 00:00:00', '686.3200', '0', '0.0000', '0', '供应商16', null, 'Modular Reagent', '16', 'admin', '2015-03-02 21:21:54', '2015-03-02 21:21:54');
INSERT INTO `b_cat` VALUES ('17', '03121305122-批号17-CNY220200', '03121305122', 'CFAS PUC', null, '0', '批号17', '0.0000', '1', '2014-04-01 00:00:00', '生产商17', '2015-10-30 00:00:00', '2202.0000', '0', '0.0000', '0', '供应商17', null, 'Modular Reagent', '17', 'admin', '2015-03-02 21:21:54', '2015-03-02 21:21:54');
INSERT INTO `b_cat` VALUES ('18', '03121305122-批号18-CNY188200', '03121305122', 'CFAS PUC', null, '0', '批号18', '2.0000', '1', '2014-04-01 00:00:00', '生产商18', '2015-10-30 00:00:00', '1882.0500', '0', '0.0000', '0', '供应商18', null, 'Modular Reagent', '18', 'admin', '2015-03-02 21:21:54', '2015-03-02 21:21:54');
INSERT INTO `b_cat` VALUES ('19', '03121305122-批号19-USDN/A', '03121305122', 'CFAS PUC', null, '0', '批号19', '0.0000', '1', '2014-04-01 00:00:00', '生产商19', '2015-10-30 00:00:00', '0.0000', '1', '0.0000', '0', '供应商19', null, 'Modular Reagent', '19', 'admin', '2015-03-02 21:21:54', '2015-03-02 21:21:54');
INSERT INTO `b_cat` VALUES ('20', '04714423190-批号20-CNY446800', '04714423190', 'LDL', null, '0', '批号20', '1.0000', '1', '2014-04-01 00:00:00', '生产商20', '2015-10-30 00:00:00', '4467.5200', '0', '0.0000', '0', '供应商20', null, 'Modular Reagent', '20', 'admin', '2015-03-02 21:21:54', '2015-03-02 21:21:54');
INSERT INTO `b_cat` VALUES ('21', '11555448216-批号21-CNY93300', '11555448216', 'Hitergent', null, '0', '批号21', '2.0000', '1', '2014-04-01 00:00:00', '生产商21', '2015-10-30 00:00:00', '933.3300', '0', '0.0000', '0', '供应商21', null, 'Modular Reagent', '21', 'admin', '2015-03-02 21:21:54', '2015-03-02 21:21:54');
INSERT INTO `b_cat` VALUES ('22', '03032639122-批号22-CNY171500', '03032639122', 'ApoB', null, '0', '批号22', '1.0000', '1', '2014-04-01 00:00:00', '生产商22', '2015-10-30 00:00:00', '1715.3800', '0', '0.0000', '0', '供应商22', null, 'Modular Reagent', '22', 'admin', '2015-03-02 21:21:54', '2015-03-02 21:21:54');
INSERT INTO `b_cat` VALUES ('23', '03002209122-批号23-CNY86800', '03002209122', 'LDH', null, '0', '批号23', '0.0000', '1', '2014-04-01 00:00:00', '生产商23', '2015-10-30 00:00:00', '868.3800', '0', '0.0000', '0', '供应商23', null, 'Modular Reagent', '23', 'admin', '2015-03-02 21:21:54', '2015-03-02 21:21:54');
INSERT INTO `b_cat` VALUES ('24', '11555430216-批号24-CNY25200', '11555430216', 'NaOH-D / Basic wash', null, '0', '批号24', '4.0000', '1', '2014-04-01 00:00:00', '生产商24', '2015-10-30 00:00:00', '252.1400', '0', '0.0000', '0', '供应商24', null, 'Modular Reagent', '24', 'admin', '2015-03-02 21:21:54', '2015-03-02 21:21:54');
INSERT INTO `b_cat` VALUES ('25', '11555430216-批号25-CNY28700', '11555430216', 'NaOH-D / Basic wash', null, '0', '批号25', '0.0000', '1', '2014-04-01 00:00:00', '生产商25', '2015-10-30 00:00:00', '287.1800', '0', '0.0000', '0', '供应商25', null, 'Modular Reagent', '25', 'admin', '2015-03-02 21:21:54', '2015-03-02 21:21:54');
INSERT INTO `b_cat` VALUES ('26', '04880480190-批号26-CNY111200', '04880480190', 'ISE Diluent', null, '0', '批号26', '2.0000', '1', '2014-04-01 00:00:00', '生产商26', '2015-10-30 00:00:00', '1111.9700', '0', '0.0000', '0', '供应商26', null, 'Modular Reagent', '26', 'admin', '2015-03-02 21:21:54', '2015-03-02 21:21:54');
INSERT INTO `b_cat` VALUES ('27', '10820652216-批号27-CNY68500', '10820652216', 'ISE Ref.', null, '0', '批号27', '4.0000', '1', '2014-04-01 00:00:00', '生产商27', '2015-10-30 00:00:00', '685.4700', '0', '0.0000', '0', '供应商27', null, 'Modular Reagent', '27', 'admin', '2015-03-02 21:21:54', '2015-03-02 21:21:54');
INSERT INTO `b_cat` VALUES ('28', '11183982216-批号28-CNY46900', '11183982216', 'ISE Cal High', null, '0', '批号28', '3.0000', '1', '2014-04-01 00:00:00', '生产商28', '2015-10-30 00:00:00', '469.2300', '0', '0.0000', '0', '供应商28', null, 'Modular Reagent', '28', 'admin', '2015-03-02 21:21:54', '2015-03-02 21:21:54');
INSERT INTO `b_cat` VALUES ('29', '11730240216-批号29-CNY38500', '11730240216', 'Calcium', null, '0', '批号29', '0.0000', '1', '2014-04-01 00:00:00', '生产商29', '2015-10-30 00:00:00', '384.6200', '0', '0.0000', '0', '供应商29', null, 'Modular Reagent', '29', 'admin', '2015-03-02 21:21:54', '2015-03-02 21:21:54');
INSERT INTO `b_cat` VALUES ('30', '04880307190-批号30-CNY87400', '04880307190', 'Acid Wash (2L)', null, '0', '批号30', '0.0000', '1', '2014-04-01 00:00:00', '生产商30', '2015-10-30 00:00:00', '874.0000', '0', '0.0000', '0', '供应商30', null, 'Modular Reagent', '30', 'admin', '2015-03-02 21:21:54', '2015-03-02 21:21:54');
INSERT INTO `b_cat` VALUES ('31', '04880307190-批号31-CNY74700', '04880307190', 'Acid Wash (2L)', null, '0', '批号31', '3.0000', '1', '2014-04-01 00:00:00', '生产商31', '2015-10-30 00:00:00', '747.0100', '0', '0.0000', '0', '供应商31', null, 'Modular Reagent', '31', 'admin', '2015-03-02 21:21:54', '2015-03-02 21:21:54');
INSERT INTO `b_cat` VALUES ('32', '11355279216-批号32-CNY93600', '11355279216', 'C.f.a.s. Proteins', null, '0', '批号32', '0.0000', '1', '2014-04-01 00:00:00', '生产商32', '2015-10-30 00:00:00', '936.0000', '0', '0.0000', '0', '供应商32', null, 'Modular Reagent', '32', 'admin', '2015-03-02 21:21:54', '2015-03-02 21:21:54');
INSERT INTO `b_cat` VALUES ('33', '11355279216-批号33-CNY80000', '11355279216', 'C.f.a.s. Proteins', null, '0', '批号33', '3.0000', '1', '2014-04-01 00:00:00', '生产商33', '2015-10-30 00:00:00', '800.0000', '0', '0.0000', '0', '供应商33', null, 'Modular Reagent', '33', 'admin', '2015-03-02 21:21:54', '2015-03-02 21:21:54');
INSERT INTO `b_cat` VALUES ('34', '12173107122-批号34-CNY84600', '12173107122', 'ALP', null, '0', '批号34', '2.0000', '1', '2014-04-01 00:00:00', '生产商34', '2015-10-30 00:00:00', '846.1500', '0', '0.0000', '0', '供应商34', null, 'Modular Reagent', '34', 'admin', '2015-03-02 21:21:54', '2015-03-02 21:21:54');
INSERT INTO `b_cat` VALUES ('35', '11730711216-批号35-CNY176200', '11730711216', 'TG', null, '0', '批号35', '1.0000', '1', '2014-04-01 00:00:00', '生产商35', '2015-10-30 00:00:00', '1762.3900', '0', '0.0000', '0', '供应商35', null, 'Modular Reagent', '35', 'admin', '2015-03-02 21:21:54', '2015-03-02 21:21:54');
INSERT INTO `b_cat` VALUES ('36', '12132672216-批号36-CNY133500', '12132672216', 'CK', null, '0', '批号36', '1.0000', '1', '2014-04-01 00:00:00', '生产商36', '2015-10-30 00:00:00', '1335.0400', '0', '0.0000', '0', '供应商36', null, 'Modular Reagent', '36', 'admin', '2015-03-02 21:21:54', '2015-03-02 21:21:54');
INSERT INTO `b_cat` VALUES ('37', '12016958216-批号37-CNY110200', '12016958216', 'GGT', null, '0', '批号37', '2.0000', '1', '2014-04-01 00:00:00', '生产商37', '2015-10-30 00:00:00', '1101.7100', '0', '0.0000', '0', '供应商37', null, 'Modular Reagent', '37', 'admin', '2015-03-02 21:21:54', '2015-03-02 21:21:54');
INSERT INTO `b_cat` VALUES ('38', '11875426216-批号38-CNY87200', '11875426216', 'Uric Acid', null, '0', '批号38', '2.0000', '1', '2014-04-01 00:00:00', '生产商38', '2015-10-30 00:00:00', '871.7900', '0', '0.0000', '0', '供应商38', null, 'Modular Reagent', '38', 'admin', '2015-03-02 21:21:54', '2015-03-02 21:21:54');
INSERT INTO `b_cat` VALUES ('39', '11877801190-批号39-CNY137100', '11877801190', 'U/CSF Protein', null, '0', '批号39', '1.0000', '1', '2014-04-01 00:00:00', '生产商39', '2015-10-30 00:00:00', '1370.9400', '0', '0.0000', '0', '供应商39', null, 'Modular Reagent', '39', 'admin', '2015-03-02 21:21:54', '2015-03-02 21:21:54');
INSERT INTO `b_cat` VALUES ('40', '11491458216-批号40-CNY112000', '11491458216', 'CHOL', null, '0', '批号40', '0.0000', '1', '2014-04-01 00:00:00', '生产商40', '2015-10-30 00:00:00', '1120.0000', '0', '0.0000', '0', '供应商40', null, 'Modular Reagent', '40', 'admin', '2015-03-02 21:21:54', '2015-03-02 21:21:54');
INSERT INTO `b_cat` VALUES ('41', '11491458216-批号41-CNY95700', '11491458216', 'CHOL', null, '0', '批号41', '3.0000', '1', '2014-04-01 00:00:00', '生产商41', '2015-10-30 00:00:00', '957.2600', '0', '0.0000', '0', '供应商41', null, 'Modular Reagent', '41', 'admin', '2015-03-02 21:21:54', '2015-03-02 21:21:54');
INSERT INTO `b_cat` VALUES ('42', '11551353216-批号42-CNY67800', '11551353216', 'Mg', null, '0', '批号42', '1.0000', '1', '2014-04-01 00:00:00', '生产商42', '2015-10-30 00:00:00', '677.7800', '0', '0.0000', '0', '供应商42', null, 'Modular Reagent', '42', 'admin', '2015-03-02 21:21:54', '2015-03-02 21:21:54');
INSERT INTO `b_cat` VALUES ('43', '20751995190-批号43-CNY186800', '20751995190', 'AMM', null, '0', '批号43', '1.0000', '1', '2014-04-01 00:00:00', '生产商43', '2015-10-30 00:00:00', '1868.3800', '0', '0.0000', '0', '供应商43', null, 'Modular Reagent', '43', 'admin', '2015-03-02 21:21:54', '2015-03-02 21:21:54');
INSERT INTO `b_cat` VALUES ('44', '11555421216-批号44-CNY33700', '11555421216', 'SMS/Acid Wash for MOD (12x66mL)', null, '0', '批号44', '2.0000', '1', '2014-04-01 00:00:00', '生产商44', '2015-10-30 00:00:00', '336.7500', '0', '0.0000', '0', '供应商44', null, 'Modular Reagent', '44', 'admin', '2015-03-02 21:21:54', '2015-03-02 21:21:54');
INSERT INTO `b_cat` VALUES ('45', '11821792216-批号45-CNY270100', '11821792216', 'Lipase', null, '0', '批号45', '4.0000', '1', '2014-04-01 00:00:00', '生产商45', '2015-10-30 00:00:00', '2700.8500', '0', '0.0000', '0', '供应商45', null, 'Modular Reagent', '45', 'admin', '2015-03-02 21:21:54', '2015-03-02 21:21:54');
INSERT INTO `b_cat` VALUES ('46', '03289885190-批号46-CNY160600', '03289885190', 'CO2', null, '0', '批号46', '2.0000', '1', '2014-04-01 00:00:00', '生产商46', '2015-10-30 00:00:00', '1605.9800', '0', '0.0000', '0', '供应商46', null, 'Modular Reagent', '46', 'admin', '2015-03-02 21:21:54', '2015-03-02 21:21:54');
INSERT INTO `b_cat` VALUES ('47', '03289885190-批号47-CNYN/A', '03289885190', 'CO2', null, '0', '批号47', '0.0000', '1', '2014-04-01 00:00:00', '生产商47', '2015-10-30 00:00:00', '0.0000', '0', '0.0000', '0', '供应商47', null, 'Modular Reagent', '47', 'admin', '2015-03-02 21:21:54', '2015-03-02 21:21:54');
INSERT INTO `b_cat` VALUES ('48', '04713214190-批号48-CNY349500', '04713214190 ', 'HDL-C Plus (Gen. 3)  ', null, '0', '批号48', '4.0000', '1', '2014-04-01 00:00:00', '生产商48', '2015-10-30 00:00:00', '3494.8700', '0', '0.0000', '0', '供应商48', null, 'Modular Reagent', '48', 'admin', '2015-03-02 21:21:54', '2015-03-02 21:21:54');
INSERT INTO `b_cat` VALUES ('49', '11876473316-批号49-CNY408500', '11876473316', 'AMY', null, '0', '批号49', '1.0000', '1', '2014-04-01 00:00:00', '生产商49', '2015-10-30 00:00:00', '4084.6200', '0', '0.0000', '0', '供应商49', null, 'Modular Reagent', '49', 'admin', '2015-03-02 21:21:54', '2015-03-02 21:21:54');
INSERT INTO `b_cat` VALUES ('50', '11876562316-批号50-CNY408500', '11876562316', 'Amylase Pancreatic 917/P ', null, '0', '批号50', '1.0000', '1', '2014-04-01 00:00:00', '生产商50', '2015-10-30 00:00:00', '4084.6200', '0', '0.0000', '0', '供应商50', null, 'Modular Reagent', '50', 'admin', '2015-03-02 21:21:54', '2015-03-02 21:21:54');
INSERT INTO `b_cat` VALUES ('51', '03576116190-批号51-CNY199300', '03576116190', 'Tina-quant Alpha1-Microglobulin', null, '0', '批号51', '0.0000', '1', '2014-04-01 00:00:00', '生产商51', '2015-10-30 00:00:00', '1993.1600', '0', '0.0000', '0', '供应商51', null, 'Modular Reagent', '51', 'admin', '2015-03-02 21:21:54', '2015-03-02 21:21:54');
INSERT INTO `b_cat` VALUES ('52', '03121291122-批号52-CNY182400', '03121291122', 'Precipath PUC', null, '0', '批号52', '0.0000', '1', '2014-04-01 00:00:00', '生产商52', '2015-10-30 00:00:00', '1823.9300', '0', '0.0000', '0', '供应商52', null, 'Modular Reagent', '52', 'admin', '2015-03-02 21:21:54', '2015-03-02 21:21:54');
INSERT INTO `b_cat` VALUES ('53', '11876996216-批号53-CNY96800', '11876996216', 'Fe', null, '0', '批号53', '1.0000', '1', '2014-04-01 00:00:00', '生产商53', '2015-10-30 00:00:00', '967.5200', '0', '0.0000', '0', '供应商53', null, 'Modular Reagent', '53', 'admin', '2015-03-02 21:21:54', '2015-03-02 21:21:54');
INSERT INTO `b_cat` VALUES ('54', '11557599316-批号54-CNY90900', '11557599316', 'Tina-quant Alpha-1-antitrypsin', null, '0', '批号54', '2.0000', '1', '2014-04-01 00:00:00', '生产商54', '2015-10-30 00:00:00', '908.5500', '0', '0.0000', '0', '供应商54', null, 'Modular Reagent', '54', 'admin', '2015-03-02 21:21:54', '2015-03-02 21:21:54');
INSERT INTO `b_cat` VALUES ('55', '03555941190-批号55-CNY97500', '03555941190', 'CFAS PAC', null, '0', '批号55', '0.0000', '1', '2014-04-01 00:00:00', '生产商55', '2015-10-30 00:00:00', '975.0000', '0', '0.0000', '0', '供应商55', null, 'Modular Reagent', '55', 'admin', '2015-03-02 21:21:54', '2015-03-02 21:21:54');
INSERT INTO `b_cat` VALUES ('56', '03555941190-批号56-CNY83300', '03555941190', 'CFAS PAC', null, '0', '批号56', '0.0000', '1', '2014-04-01 00:00:00', '生产商56', '2015-10-30 00:00:00', '833.3300', '0', '0.0000', '0', '供应商56', null, 'Modular Reagent', '56', 'admin', '2015-03-02 21:21:54', '2015-03-02 21:21:54');
INSERT INTO `b_cat` VALUES ('57', '11660519316-批号57-CNY101300', '11660519316', 'Prealbumin', null, '0', '批号57', '1.0000', '1', '2014-04-01 00:00:00', '生产商57', '2015-10-30 00:00:00', '1012.8200', '0', '0.0000', '0', '供应商57', null, 'Modular Reagent', '57', 'admin', '2015-03-02 21:21:54', '2015-03-02 21:21:54');
INSERT INTO `b_cat` VALUES ('58', '11660390216-批号58-CNY222400', '11660390216', 'Lp (a)', null, '0', '批号58', '2.0000', '1', '2014-04-01 00:00:00', '生产商58', '2015-10-30 00:00:00', '2223.9300', '0', '0.0000', '0', '供应商58', null, 'Modular Reagent', '58', 'admin', '2015-03-02 21:21:54', '2015-03-02 21:21:54');
INSERT INTO `b_cat` VALUES ('59', '11660390216-批号59-SGD27400', '11660390216', 'Lp (a)', null, '0', '批号59', '1.0000', '1', '2014-04-01 00:00:00', '生产商59', '2015-10-30 00:00:00', '274.4200', '2', '0.0000', '0', '供应商59', null, 'Modular Reagent', '59', 'admin', '2015-03-02 21:21:54', '2015-03-02 21:21:54');
INSERT INTO `b_cat` VALUES ('60', '03032612122-批号60-CNY190700', '03032612122', 'Apo A1', null, '0', '批号60', '0.0000', '1', '2014-04-01 00:00:00', '生产商60', '2015-10-30 00:00:00', '1906.8400', '0', '0.0000', '0', '供应商60', null, 'Modular Reagent', '60', 'admin', '2015-03-02 21:21:54', '2015-03-02 21:21:54');
INSERT INTO `b_cat` VALUES ('61', '03015084122-批号61-CNY232500', '03015084122', 'Transferrin', null, '0', '批号61', '1.0000', '1', '2014-04-01 00:00:00', '生产商61', '2015-10-30 00:00:00', '2324.7900', '0', '0.0000', '0', '供应商61', null, 'Modular Reagent', '61', 'admin', '2015-03-02 21:21:54', '2015-03-02 21:21:54');
INSERT INTO `b_cat` VALUES ('62', '10759350360-批号62-CNY32500', '10759350360', 'CFAS core, lot 16652301', null, '0', '批号62', '6.0000', '1', '2014-04-01 00:00:00', '生产商62', '2015-10-30 00:00:00', '324.7900', '0', '0.0000', '0', '供应商62', null, 'Modular Reagent', '62', 'admin', '2015-03-02 21:21:54', '2015-03-02 21:21:54');
INSERT INTO `b_cat` VALUES ('63', '12172623160-批号63-CNY38000', '12172623160', 'CFAS Lipids, lot 16651901', null, '0', '批号63', '0.0000', '1', '2014-04-01 00:00:00', '生产商63', '2015-10-30 00:00:00', '380.0000', '0', '0.0000', '0', '供应商63', null, 'Modular Reagent', '63', 'admin', '2015-03-02 21:21:54', '2015-03-02 21:21:54');
INSERT INTO `b_cat` VALUES ('64', '12172623160-批号64-CNY32500', '12172623160', 'CFAS Lipids, lot 16651901', null, '0', '批号64', '0.0000', '1', '2014-04-01 00:00:00', '生产商64', '2015-10-30 00:00:00', '324.7900', '0', '0.0000', '0', '供应商64', null, 'Modular Reagent', '64', 'admin', '2015-03-02 21:21:54', '2015-03-02 21:21:54');
INSERT INTO `b_cat` VALUES ('65', '12172623160-批号65-USD5200', '12172623160', 'CFAS Lipids', null, '0', '批号65', '3.0000', '1', '2014-04-01 00:00:00', '生产商65', '2015-10-30 00:00:00', '51.9400', '1', '0.0000', '0', '供应商65', null, 'Modular Reagent', '65', 'admin', '2015-03-02 21:21:54', '2015-03-02 21:21:54');
INSERT INTO `b_cat` VALUES ('66', '04975774190-批号66-CNY746200', '04975774190', 'Cystatin C', null, '0', '批号66', '0.0000', '1', '2014-04-01 00:00:00', '生产商66', '2015-10-30 00:00:00', '7462.3900', '0', '0.0000', '0', '供应商66', null, 'Modular Reagent', '66', 'admin', '2015-03-02 21:21:54', '2015-03-02 21:21:54');
INSERT INTO `b_cat` VALUES ('67', '04975774190-批号67-CNY598300', '04975774190', 'Cystatin C', null, '0', '批号67', '1.0000', '1', '2014-04-01 00:00:00', '生产商67', '2015-10-30 00:00:00', '5982.9100', '0', '0.0000', '0', '供应商67', null, 'Modular Reagent', '67', 'admin', '2015-03-02 21:21:54', '2015-03-02 21:21:54');
INSERT INTO `b_cat` VALUES ('68', '04975901190-批号68-CNY576200', '04975901190', 'Cystatin C calibrator', null, '0', '批号68', '0.0000', '1', '2014-04-01 00:00:00', '生产商68', '2015-10-30 00:00:00', '5762.0000', '0', '0.0000', '0', '供应商68', null, 'Modular Reagent', '68', 'admin', '2015-03-02 21:21:54', '2015-03-02 21:21:54');
INSERT INTO `b_cat` VALUES ('69', '04975901190-批号69-CNY492500', '04975901190', 'Cystatin C calibrator', null, '0', '批号69', '0.0000', '1', '2014-04-01 00:00:00', '生产商69', '2015-10-30 00:00:00', '4924.7900', '0', '0.0000', '0', '供应商69', null, 'Modular Reagent', '69', 'admin', '2015-03-02 21:21:54', '2015-03-02 21:21:54');
INSERT INTO `b_cat` VALUES ('70', '04975901190-批号70-CNY427400', '04975901190', 'Cystatin C calibrator', null, '0', '批号70', '0.0000', '1', '2014-04-01 00:00:00', '生产商70', '2015-10-30 00:00:00', '4273.5000', '0', '0.0000', '0', '供应商70', null, 'Modular Reagent', '70', 'admin', '2015-03-02 21:21:54', '2015-03-02 21:21:54');
INSERT INTO `b_cat` VALUES ('71', '04975936190-批号71-CNY643100', '04975936190', 'Cystatin C control', null, '0', '批号71', '0.0000', '1', '2014-04-01 00:00:00', '生产商71', '2015-10-30 00:00:00', '6430.7700', '0', '0.0000', '0', '供应商71', null, 'Modular Reagent', '71', 'admin', '2015-03-02 21:21:54', '2015-03-02 21:21:54');
INSERT INTO `b_cat` VALUES ('72', '03121313122-批号72-CNY182400', '03121313122', 'Precinorm PUC', null, '0', '批号72', '0.0000', '1', '2014-04-01 00:00:00', '生产商71', '2015-10-30 00:00:00', '1823.9300', '0', '0.0000', '0', '供应商71', null, 'Modular Reagent', '72', 'admin', '2015-03-02 21:21:54', '2015-03-02 21:21:54');
INSERT INTO `b_cat` VALUES ('73', '11972855216-批号73-CNY317600', '11972855216', 'hs-CRP', null, '0', '批号73', '3.0000', '1', '2014-04-01 00:00:00', '生产商72', '2015-10-30 00:00:00', '3176.0700', '0', '0.0000', '0', '供应商72', null, 'Modular Reagent', '73', 'admin', '2015-03-02 21:21:54', '2015-03-02 21:21:54');
INSERT INTO `b_cat` VALUES ('74', '11098985122-批号74-CNY66300', '11098985122', 'Precinorm Fructosamine Control 3*1mL', null, '0', '批号74', '0.0000', '1', '2014-04-01 00:00:00', '生产商73', '2015-10-30 00:00:00', '663.0000', '0', '0.0000', '0', '供应商73', null, 'Modular Reagent', '74', 'admin', '2015-03-02 21:21:54', '2015-03-02 21:21:54');
INSERT INTO `b_cat` VALUES ('75', '11174118122-批号75-CNY66500', '11174118122', 'Precipath Fructosamine Control 3*1mL', null, '0', '批号75', '0.0000', '1', '2014-04-01 00:00:00', '生产商74', '2015-10-30 00:00:00', '665.0000', '0', '0.0000', '0', '供应商74', null, 'Modular Reagent', '75', 'admin', '2015-03-02 21:21:54', '2015-03-02 21:21:54');
INSERT INTO `b_cat` VALUES ('76', '11930010216-批号76-CNY80500', '11930010216', 'Fructosamine 408 tests', null, '0', '批号76', '0.0000', '1', '2014-04-01 00:00:00', '生产商75', '2015-10-30 00:00:00', '805.0000', '0', '0.0000', '0', '供应商75', null, 'Modular Reagent', '76', 'admin', '2015-03-02 21:21:54', '2015-03-02 21:21:54');
INSERT INTO `b_cat` VALUES ('77', '11098993122-批号77-CNY56200', '11098993122', 'Precimat Fructosamine Calibrator 3*1mL', null, '0', '批号77', '0.0000', '1', '2014-04-01 00:00:00', '生产商76', '2015-10-30 00:00:00', '562.0000', '0', '0.0000', '0', '供应商76', null, 'Modular Reagent', '77', 'admin', '2015-03-02 21:21:54', '2015-03-02 21:21:54');
INSERT INTO `b_cat` VALUES ('78', 'LK016.H-批号78-CNY600000', 'LK016.H', 'Roche Hitachi 911/912/917/P Modular Freelite Kappa Kit, 2*50 tests', null, '0', '批号78', '0.0000', '1', '2014-04-01 00:00:00', '生产商77', '2015-10-30 00:00:00', '6000.0000', '0', '0.0000', '0', '供应商77', null, 'Modular Reagent', '78', 'admin', '2015-03-02 21:21:54', '2015-03-02 21:21:54');
INSERT INTO `b_cat` VALUES ('79', 'LK018.H-批号79-CNY600000', 'LK018.H', 'Roche Hitachi 911/912/917/P Modular Freelite Lambda Kit, 2*50 tests', null, '0', '批号79', '0.0000', '1', '2014-04-01 00:00:00', '生产商78', '2015-10-30 00:00:00', '6000.0000', '0', '0.0000', '0', '供应商78', null, 'Modular Reagent', '79', 'admin', '2015-03-02 21:21:54', '2015-03-02 21:21:54');
INSERT INTO `b_cat` VALUES ('80', 'LK016.H-批号80-CNY720000', 'LK016.H', 'Roche Hitachi 911/912/917/P Modular Freelite Kappa Kit, 2*50 tests', null, '0', '批号80', '0.0000', '1', '2014-04-01 00:00:00', '生产商79', '2015-10-30 00:00:00', '7200.0000', '0', '0.0000', '0', '供应商79', null, 'Modular Reagent', '80', 'admin', '2015-03-02 21:21:54', '2015-03-02 21:21:54');
INSERT INTO `b_cat` VALUES ('81', 'LK018.H-批号81-CNY720000', 'LK018.H', 'Roche Hitachi 911/912/917/P Modular Freelite Lambda Kit, 2*50 tests', null, '0', '批号81', '0.0000', '1', '2014-04-01 00:00:00', '生产商80', '2015-10-30 00:00:00', '7200.0000', '0', '0.0000', '0', '供应商80', null, 'Modular Reagent', '81', 'admin', '2015-03-02 21:21:54', '2015-03-02 21:21:54');
INSERT INTO `b_cat` VALUES ('82', 'LK016.H-批号82-CNY615400', 'LK016.H', 'Roche Hitachi 911/912/917/P Modular Freelite Kappa Kit, 2*50 tests', null, '0', '批号82', '1.0000', '1', '2014-04-01 00:00:00', '生产商81', '2015-10-30 00:00:00', '6153.8500', '0', '0.0000', '0', '供应商81', null, 'Modular Reagent', '82', 'admin', '2015-03-02 21:21:54', '2015-03-02 21:21:54');
INSERT INTO `b_cat` VALUES ('83', 'LK018.H-批号83-CNY615400', 'LK018.H', 'Roche Hitachi 911/912/917/P Modular Freelite Lambda Kit, 2*50 tests', null, '0', '批号83', '1.0000', '1', '2014-04-01 00:00:00', '生产商82', '2015-10-30 00:00:00', '6153.8500', '0', '0.0000', '0', '供应商82', null, 'Modular Reagent', '83', 'admin', '2015-03-02 21:21:54', '2015-03-02 21:21:54');
INSERT INTO `b_cat` VALUES ('84', '279-75401-批号84-CNY288500', '279-75401', 'NEFA C reagent', null, '0', '批号84', '4.0000', '1', '2014-04-01 00:00:00', '生产商83', '2015-10-30 00:00:00', '2884.6200', '0', '0.0000', '0', '供应商83', null, 'Modular Reagent', '84', 'admin', '2015-03-02 21:21:54', '2015-03-02 21:21:54');
INSERT INTO `b_cat` VALUES ('85', '12148331122-批号85-CNY533800', '12148331122', 'Preciset sTFR ', null, '0', '批号85', '0.0000', '1', '2014-04-01 00:00:00', '生产商84', '2015-10-30 00:00:00', '5337.6100', '0', '0.0000', '0', '供应商84', null, 'Modular Reagent', '85', 'admin', '2015-03-02 21:21:54', '2015-03-02 21:21:54');
INSERT INTO `b_cat` VALUES ('86', '12148315122-批号86-CNY320900', '12148315122', 'sTFR', null, '0', '批号86', '0.0000', '1', '2014-04-01 00:00:00', '生产商85', '2015-10-30 00:00:00', '3208.5500', '0', '0.0000', '0', '供应商85', null, 'Modular Reagent', '86', 'admin', '2015-03-02 21:21:54', '2015-03-02 21:21:54');
INSERT INTO `b_cat` VALUES ('87', '12148340122-批号87-CNY152800', '12148340122', 'sTFR control  set', null, '0', '批号87', '0.0000', '1', '2014-04-01 00:00:00', '生产商86', '2015-10-30 00:00:00', '1528.2100', '0', '0.0000', '0', '供应商86', null, 'Modular Reagent', '87', 'admin', '2015-03-02 21:21:54', '2015-03-02 21:21:54');
INSERT INTO `b_cat` VALUES ('88', '11776312190-批号88-CNY163300', '11776312190', 'Alcohol', null, '0', '批号88', '0.0000', '1', '2014-04-01 00:00:00', '生产商87', '2015-10-30 00:00:00', '1633.3300', '0', '0.0000', '0', '供应商87', null, 'Modular Reagent', '88', 'admin', '2015-03-02 21:21:54', '2015-03-02 21:21:54');
INSERT INTO `b_cat` VALUES ('89', '12172828322-批号89-CNY117300', '12172828322', 'Preciset RF', null, '0', '批号89', '0.0000', '1', '2014-04-01 00:00:00', '生产商88', '2015-10-30 00:00:00', '1173.0000', '0', '0.0000', '0', '供应商88', null, 'Modular Reagent', '89', 'admin', '2015-03-02 21:21:54', '2015-03-02 21:21:54');
INSERT INTO `b_cat` VALUES ('90', '12172828322-批号90-CNY100300', '12172828322', 'Preciset RF', null, '0', '批号90', '2.0000', '1', '2014-04-01 00:00:00', '生产商89', '2015-10-30 00:00:00', '1002.5600', '0', '0.0000', '0', '供应商89', null, 'Modular Reagent', '90', 'admin', '2015-03-02 21:21:54', '2015-03-02 21:21:54');
INSERT INTO `b_cat` VALUES ('91', ',03004953122-批号91-CNY452800', ',03004953122', ' RF Ⅱ', null, '0', '批号91', '0.0000', '1', '2014-04-01 00:00:00', '生产商90', '2015-10-30 00:00:00', '4528.2100', '0', '0.0000', '0', '供应商90', null, 'Modular Reagent', '91', 'admin', '2015-03-02 21:21:54', '2015-03-02 21:21:54');
INSERT INTO `b_cat` VALUES ('92', '11557629316-批号92-CNY182200', '11557629316', 'Haptoglobin', null, '0', '批号92', '2.0000', '1', '2014-04-01 00:00:00', '生产商91', '2015-10-30 00:00:00', '1822.2200', '0', '0.0000', '0', '供应商91', null, 'Modular Reagent', '92', 'admin', '2015-03-02 21:21:54', '2015-03-02 21:21:54');
INSERT INTO `b_cat` VALUES ('93', '11557629316-批号93-SGD22400', '11557629316', 'Haptoglobin', null, '0', '批号93', '0.0000', '1', '2014-04-01 00:00:00', '生产商92', '2015-10-30 00:00:00', '224.0300', '2', '0.0000', '0', '供应商92', null, 'Modular Reagent', '93', 'admin', '2015-03-02 21:21:54', '2015-03-02 21:21:54');
INSERT INTO `b_cat` VALUES ('94', '2075880912-批号94-CNY73300', '2075880912', 'Acetaminophen Calibrator', null, '0', '批号94', '1.0000', '1', '2014-04-01 00:00:00', '生产商93', '2015-10-30 00:00:00', '733.3300', '0', '0.0000', '0', '供应商93', null, 'Modular Reagent', '94', 'admin', '2015-03-02 21:21:54', '2015-03-02 21:21:54');
INSERT INTO `b_cat` VALUES ('95', '03255379190-批号95-CNY196900', '03255379190', 'Acetaminophen UNIV', null, '0', '批号95', '0.0000', '1', '2014-04-01 00:00:00', '生产商94', '2015-10-30 00:00:00', '1969.2300', '0', '0.0000', '0', '供应商94', null, 'Modular Reagent', '95', 'admin', '2015-03-02 21:21:54', '2015-03-02 21:21:54');
INSERT INTO `b_cat` VALUES ('96', '03255379190-批号96-SGD40000', '03255379190', 'Acetaminophen UNIV', null, '0', '批号96', '0.0000', '1', '2014-04-01 00:00:00', '生产商95', '2015-10-30 00:00:00', '400.0000', '2', '0.0000', '0', '供应商95', null, 'Modular Reagent', '96', 'admin', '2015-03-02 21:21:54', '2015-03-02 21:21:54');
INSERT INTO `b_cat` VALUES ('97', '04521536190-批号97-CNY113200', '04521536190', 'TDM Control Set', null, '0', '批号97', '2.0000', '1', '2014-04-01 00:00:00', '生产商96', '2015-10-30 00:00:00', '1132.4800', '0', '0.0000', '0', '供应商96', null, 'Modular Reagent', '97', 'admin', '2015-03-02 21:21:54', '2015-03-02 21:21:54');
INSERT INTO `b_cat` VALUES ('98', '04999622190-批号98-CNY422500', '04999622190', 'Tina-quant albumin', null, '0', '批号98', '0.0000', '1', '2014-04-01 00:00:00', '生产商97', '2015-10-30 00:00:00', '4224.7900', '0', '0.0000', '0', '供应商97', null, 'Modular Reagent', '98', 'admin', '2015-03-02 21:21:54', '2015-03-02 21:21:54');
INSERT INTO `b_cat` VALUES ('99', '04999622190-批号99-CNYN/A', '04999622190', 'Tina-quant albumin', null, '0', '批号99', '9.0000', '1', '2014-04-01 00:00:00', '生产商98', '2015-10-30 00:00:00', '0.0000', '0', '0.0000', '0', '供应商98', null, 'Modular Reagent', '99', 'admin', '2015-03-02 21:21:54', '2015-03-02 21:21:54');
INSERT INTO `b_cat` VALUES ('100', '11660497216-批号100-CNY165800', '11660497216', 'Cerulopasmin', null, '0', '批号100', '2.0000', '1', '2014-04-01 00:00:00', '生产商99', '2015-10-30 00:00:00', '1658.1200', '0', '0.0000', '0', '供应商99', null, 'Modular Reagent', '100', 'admin', '2015-03-02 21:21:54', '2015-03-02 21:21:54');
INSERT INTO `b_cat` VALUES ('101', '11298500316-批号101-CNY204100', '11298500316', 'ISE Cleaning Solution', null, '0', '批号101', '1.0000', '1', '2014-04-01 00:00:00', '生产商100', '2015-10-30 00:00:00', '2041.0300', '0', '0.0000', '0', '供应商100', null, 'Modular Reagent', '101', 'admin', '2015-03-02 21:21:54', '2015-03-02 21:21:54');
INSERT INTO `b_cat` VALUES ('102', '12146401216-批号102-CNY69900', '12146401216  ', 'Iron Standard (Fe Standard) ', null, '0', '批号102', '1.0000', '1', '2014-04-01 00:00:00', '生产商101', '2015-10-30 00:00:00', '698.8900', '0', '0.0000', '0', '供应商101', null, 'Modular Reagent', '102', 'admin', '2015-03-02 21:21:54', '2015-03-02 21:21:54');
INSERT INTO `b_cat` VALUES ('103', 'N/A-批号103-USDN/A', '', 'Diluent TCH level -1 1.3ml ', null, '0', '批号103', '14.0000', '1', '2014-04-01 00:00:00', '生产商102', '2015-10-30 00:00:00', '0.0000', '1', '0.0000', '0', '供应商102', null, 'Modular Reagent', '103', 'admin', '2015-03-02 21:21:54', '2015-03-02 21:21:54');
INSERT INTO `b_cat` VALUES ('104', '2210-02-批号104-CNY292500', '2210-02', 'total Protein Assay System', null, '0', '批号104', '0.0000', '1', '2014-04-01 00:00:00', '生产商103', '2015-10-30 00:00:00', '2924.7900', '0', '0.0000', '0', '供应商103', null, 'Modular Reagent', '104', 'admin', '2015-03-02 21:21:54', '2015-03-02 21:21:54');
INSERT INTO `b_cat` VALUES ('105', '10641600001-批号105-CNY239300', '10641600001', 'Halogen Lamp', null, '0', '批号105', '0.0000', '1', '2014-04-01 00:00:00', '生产商104', '2015-10-30 00:00:00', '2393.1600', '0', '0.0000', '0', '供应商104', null, 'Modular Reagent', '105', 'admin', '2015-03-02 21:21:54', '2015-03-02 21:21:54');
INSERT INTO `b_cat` VALUES ('106', '11660551216-批号106-CNY280700', '11660551216', 'β2-M icroglobulin', null, '0', '批号106', '1.0000', '1', '2014-04-01 00:00:00', '生产商105', '2015-10-30 00:00:00', '2806.8400', '0', '0.0000', '0', '供应商105', null, 'Modular Reagent', '106', 'admin', '2015-03-02 21:21:54', '2015-03-02 21:21:54');
INSERT INTO `b_cat` VALUES ('107', '04956885190-批号107-CNY222200', '04956885190', 'C-reactive  Protein', null, '0', '批号107', '3.0000', '1', '2014-04-01 00:00:00', '生产商106', '2015-10-30 00:00:00', '2222.2200', '0', '0.0000', '0', '供应商106', null, 'Modular Reagent', '107', 'admin', '2015-03-02 21:21:54', '2015-03-02 21:21:54');
INSERT INTO `b_cat` VALUES ('108', '04956885190-批号108-SGD106800', '04956885190', 'C-reactive  Protein', null, '0', '批号108', '0.0000', '1', '2014-04-01 00:00:00', '生产商107', '2015-10-30 00:00:00', '1068.2700', '2', '0.0000', '0', '供应商107', null, 'Modular Reagent', '108', 'admin', '2015-03-02 21:21:54', '2015-03-02 21:21:54');
INSERT INTO `b_cat` VALUES ('109', '04956885190-批号109-SGD106800', '04956885190', 'C-reactive  Protein', null, '0', '批号109', '0.0000', '1', '2014-04-01 00:00:00', '生产商108', '2015-10-30 00:00:00', '1068.2700', '2', '0.0000', '0', '供应商108', null, 'Modular Reagent', '109', 'admin', '2015-03-02 21:21:54', '2015-03-02 21:21:54');
INSERT INTO `b_cat` VALUES ('110', '04956885190-批号110-SGD106800', '04956885190', 'C-reactive  Protein', null, '0', '批号110', '0.0000', '1', '2014-04-01 00:00:00', '生产商109', '2015-10-30 00:00:00', '1068.2700', '2', '0.0000', '0', '供应商109', null, 'Modular Reagent', '110', 'admin', '2015-03-02 21:21:54', '2015-03-02 21:21:54');
INSERT INTO `b_cat` VALUES ('111', '03507246190-批号111-CNY269600', '03507246190', 'Ig A', null, '0', '批号111', '0.0000', '1', '2014-04-01 00:00:00', '生产商110', '2015-10-30 00:00:00', '2695.7300', '0', '0.0000', '0', '供应商110', null, 'Modular Reagent', '111', 'admin', '2015-03-02 21:21:54', '2015-03-02 21:21:54');
INSERT INTO `b_cat` VALUES ('112', '03507378190-批号112-CNY204500', '03507378190', 'Ig G', null, '0', '批号112', '0.0000', '1', '2014-04-01 00:00:00', '生产商111', '2015-10-30 00:00:00', '2045.3000', '0', '0.0000', '0', '供应商111', null, 'Modular Reagent', '112', 'admin', '2015-03-02 21:21:54', '2015-03-02 21:21:54');
INSERT INTO `b_cat` VALUES ('113', '03507041190-批号113-CNY150000', '03507041190', 'Ig M', null, '0', '批号113', '0.0000', '1', '2014-04-01 00:00:00', '生产商112', '2015-10-30 00:00:00', '1500.0000', '0', '0.0000', '0', '供应商112', null, 'Modular Reagent', '113', 'admin', '2015-03-02 21:21:54', '2015-03-02 21:21:54');
INSERT INTO `b_cat` VALUES ('114', '121349443122-批号114-SGD6900', '121349443122', 'precipath U plus', null, '0', '批号114', '1.0000', '1', '2014-04-01 00:00:00', '生产商113', '2015-10-30 00:00:00', '69.3600', '2', '0.0000', '0', '供应商113', null, 'Modular Reagent', '114', 'admin', '2015-03-02 21:21:54', '2015-03-02 21:21:54');
INSERT INTO `b_cat` VALUES ('115', '12149435122-批号115-SGD6900', '12149435122', 'Precinorm U Plus', null, '0', '批号115', '3.0000', '1', '2014-04-01 00:00:00', '生产商114', '2015-10-30 00:00:00', '69.3600', '2', '0.0000', '0', '供应商114', null, 'Modular Reagent', '115', 'admin', '2015-03-02 21:21:54', '2015-03-02 21:21:54');
INSERT INTO `b_cat` VALUES ('116', '12146398216-批号116-SGD162200', '12146398216 ', 'UIBC 917/P ', null, '0', '批号116', '3.0000', '1', '2014-04-01 00:00:00', '生产商115', '2015-10-30 00:00:00', '1621.5600', '2', '0.0000', '0', '供应商115', null, 'Modular Reagent', '116', 'admin', '2015-03-02 21:21:54', '2015-03-02 21:21:54');
INSERT INTO `b_cat` VALUES ('117', '12217716001-批号117-SGD15300', '12217716001', 'D-Bil', null, '0', '批号117', '4.0000', '1', '2014-04-01 00:00:00', '生产商116', '2015-10-30 00:00:00', '152.6500', '2', '0.0000', '0', '供应商116', null, 'Modular Reagent', '117', 'admin', '2015-03-02 21:21:54', '2015-03-02 21:21:54');
INSERT INTO `b_cat` VALUES ('118', '05589037190-批号118-CNY86600', '05589037190', 'Bilirubin Direct', null, '0', '批号118', '0.0000', '1', '2014-04-01 00:00:00', '生产商117', '2015-10-30 00:00:00', '865.8100', '0', '0.0000', '0', '供应商117', null, 'Modular Reagent', '118', 'admin', '2015-03-02 21:21:54', '2015-03-02 21:21:54');
INSERT INTO `b_cat` VALUES ('119', '1290008-批号119-GBP1300', '1290008', 'NAG/Creatinine High control', null, '0', '批号119', '0.0000', '1', '2014-04-01 00:00:00', '生产商118', '2015-10-30 00:00:00', '13.0000', '4', '0.0000', '0', '供应商118', null, 'Modular Reagent', '119', 'admin', '2015-03-02 21:21:54', '2015-03-02 21:21:54');
INSERT INTO `b_cat` VALUES ('120', '1290009-批号120-GBP1300', '1290009', 'NAG/Creatinine Medium control', null, '0', '批号120', '0.0000', '1', '2014-04-01 00:00:00', '生产商119', '2015-10-30 00:00:00', '13.0000', '4', '0.0000', '0', '供应商119', null, 'Modular Reagent', '120', 'admin', '2015-03-02 21:21:54', '2015-03-02 21:21:54');
INSERT INTO `b_cat` VALUES ('121', '1290010-批号121-GBP1300', '1290010', 'NAG/Creatinine Low control', null, '0', '批号121', '0.0000', '1', '2014-04-01 00:00:00', '生产商120', '2015-10-30 00:00:00', '13.0000', '4', '0.0000', '0', '供应商120', null, 'Modular Reagent', '121', 'admin', '2015-03-02 21:21:54', '2015-03-02 21:21:54');
INSERT INTO `b_cat` VALUES ('122', '1290008-批号122-USD2000', '1290008', 'NAG/Creatinine High control', null, '0', '批号122', '5.0000', '1', '2014-04-01 00:00:00', '生产商121', '2015-10-30 00:00:00', '20.0000', '1', '0.0000', '0', '供应商121', null, 'Modular Reagent', '122', 'admin', '2015-03-02 21:21:54', '2015-03-02 21:21:54');
INSERT INTO `b_cat` VALUES ('123', '1290009-批号123-USD2000', '1290009', 'NAG/Creatinine Medium control', null, '0', '批号123', '5.0000', '1', '2014-04-01 00:00:00', '生产商122', '2015-10-30 00:00:00', '20.0000', '1', '0.0000', '0', '供应商122', null, 'Modular Reagent', '123', 'admin', '2015-03-02 21:21:54', '2015-03-02 21:21:54');
INSERT INTO `b_cat` VALUES ('124', '1290010-批号124-USD2000', '1290010', 'NAG/Creatinine Low control', null, '0', '批号124', '7.0000', '1', '2014-04-01 00:00:00', '生产商123', '2015-10-30 00:00:00', '20.0000', '1', '0.0000', '0', '供应商123', null, 'Modular Reagent', '124', 'admin', '2015-03-02 21:21:54', '2015-03-02 21:21:54');
INSERT INTO `b_cat` VALUES ('125', 'QQ010205-批号125-CNY239200', 'QQ010205', 'Ra a Hu Alpha-2 -Macrolobulin', null, '0', '批号125', '2.0000', '1', '2014-04-01 00:00:00', '生产商124', '2015-10-30 00:00:00', '2391.7900', '0', '0.0000', '0', '供应商124', null, 'Modular Reagent', '125', 'admin', '2015-03-02 21:21:54', '2015-03-02 21:21:54');
INSERT INTO `b_cat` VALUES ('126', 'S2005-批号126-CNY106200', 'S2005', 'Buffer 1', null, '0', '批号126', '3.0000', '1', '2014-04-01 00:00:00', '生产商125', '2015-10-30 00:00:00', '1061.5400', '0', '0.0000', '0', '供应商125', null, 'Modular Reagent', '126', 'admin', '2015-03-02 21:21:54', '2015-03-02 21:21:54');
INSERT INTO `b_cat` VALUES ('127', 'S200630-批号127-CNY151300', 'S200630', 'Buffer 3', null, '0', '批号127', '3.0000', '1', '2014-04-01 00:00:00', '生产商126', '2015-10-30 00:00:00', '1512.8200', '0', '0.0000', '0', '供应商126', null, 'Modular Reagent', '127', 'admin', '2015-03-02 21:21:54', '2015-03-02 21:21:54');
INSERT INTO `b_cat` VALUES ('128', 'x090801-批号128-CNY61300', 'x090801', 'human serum protein calibration ', null, '0', '批号128', '2.0000', '1', '2014-04-01 00:00:00', '生产商127', '2015-10-30 00:00:00', '612.8200', '0', '0.0000', '0', '供应商127', null, 'Modular Reagent', '128', 'admin', '2015-03-02 21:21:54', '2015-03-02 21:21:54');
INSERT INTO `b_cat` VALUES ('129', 'x093901-批号129-CNY78200', 'x093901', 'human serum protein low control ', null, '0', '批号129', '3.0000', '1', '2014-04-01 00:00:00', '生产商128', '2015-10-30 00:00:00', '782.0500', '0', '0.0000', '0', '供应商128', null, 'Modular Reagent', '129', 'admin', '2015-03-02 21:21:54', '2015-03-02 21:21:54');
INSERT INTO `b_cat` VALUES ('130', 'x0940-批号130-CNY78200', 'x0940', 'human serum protein high control ', null, '0', '批号130', '1.0000', '1', '2014-04-01 00:00:00', '生产商129', '2015-10-30 00:00:00', '782.0500', '0', '0.0000', '0', '供应商129', null, 'Modular Reagent', '130', 'admin', '2015-03-02 21:21:54', '2015-03-02 21:21:54');
INSERT INTO `b_cat` VALUES ('131', '11875051216-批号131-CNY79400', '11875051216', 'Tina-quant C4c', null, '0', '批号131', '0.0000', '1', '2014-04-01 00:00:00', '生产商130', '2015-10-30 00:00:00', '794.0200', '0', '0.0000', '0', '供应商130', null, 'Modular Reagent', '131', 'admin', '2015-03-02 21:21:54', '2015-03-02 21:21:54');
INSERT INTO `b_cat` VALUES ('132', '11875078216-批号132-CNY79400', '11875078216', 'Tina-quant C3c', null, '0', '批号132', '0.0000', '1', '2014-04-01 00:00:00', '生产商131', '2015-10-30 00:00:00', '794.0200', '0', '0.0000', '0', '供应商131', null, 'Modular Reagent', '132', 'admin', '2015-03-02 21:21:54', '2015-03-02 21:21:54');
INSERT INTO `b_cat` VALUES ('133', '04498666190-批号133-CNY133100', '04498666190', 'Cholinesterase-1160 test', null, '0', '批号133', '0.0000', '1', '2014-04-01 00:00:00', '生产商132', '2015-10-30 00:00:00', '1331.0000', '0', '0.0000', '0', '供应商132', null, 'Modular Reagent', '133', 'admin', '2015-03-02 21:21:54', '2015-03-02 21:21:54');
INSERT INTO `b_cat` VALUES ('134', '04498666190-批号134-CNY113800', '04498666190', 'Cholinesterase-1160 test', null, '0', '批号134', '0.0000', '1', '2014-04-01 00:00:00', '生产商133', '2015-10-30 00:00:00', '1137.6100', '0', '0.0000', '0', '供应商133', null, 'Modular Reagent', '134', 'admin', '2015-03-02 21:21:54', '2015-03-02 21:21:54');
INSERT INTO `b_cat` VALUES ('135', '04498666190-批号135-CNY113800', '04498666190', 'CHE2', null, '0', '批号135', '0.0000', '1', '2014-04-01 00:00:00', '生产商134', '2015-10-30 00:00:00', '1137.6000', '0', '0.0000', '0', '供应商134', null, 'Modular Reagent', '135', 'admin', '2015-03-02 21:21:54', '2015-03-02 21:21:54');
INSERT INTO `b_cat` VALUES ('136', '05061458190-批号136-CNYN/A', '05061458190', 'CA2  R2', null, '0', '批号136', '0.0000', '1', '2014-04-01 00:00:00', '生产商135', '2015-10-30 00:00:00', '0.0000', '0', '0.0000', '0', '供应商135', null, 'Modular Reagent', '136', 'admin', '2015-03-02 21:21:54', '2015-03-02 21:21:54');
INSERT INTO `b_cat` VALUES ('137', '05061431190-批号137-CNYN/A', '05061431190', 'CA2  R1', null, '0', '批号137', '0.0000', '1', '2014-04-01 00:00:00', '生产商136', '2015-10-30 00:00:00', '0.0000', '0', '0.0000', '0', '供应商136', null, 'Modular Reagent', '137', 'admin', '2015-03-02 21:21:54', '2015-03-02 21:21:54');
INSERT INTO `b_cat` VALUES ('138', '05061458190-批号138-CNY67800', '05061458190', 'CA2  R2', null, '0', '批号138', '1.0000', '1', '2014-04-01 00:00:00', '生产商137', '2015-10-30 00:00:00', '677.7800', '0', '0.0000', '0', '供应商137', null, 'Modular Reagent', '138', 'admin', '2015-03-02 21:21:54', '2015-03-02 21:21:54');
INSERT INTO `b_cat` VALUES ('139', '05061431190-批号139-CNY80200', '05061431190', 'CA2  R1', null, '0', '批号139', '1.0000', '1', '2014-04-01 00:00:00', '生产商138', '2015-10-30 00:00:00', '801.7100', '0', '0.0000', '0', '供应商138', null, 'Modular Reagent', '139', 'admin', '2015-03-02 21:21:54', '2015-03-02 21:21:54');
INSERT INTO `b_cat` VALUES ('140', '05061458190-批号140-GBP1100', '05061458190', 'CA2  R2', null, '0', '批号140', '0.0000', '1', '2014-04-01 00:00:00', '生产商139', '2015-10-30 00:00:00', '10.8300', '4', '0.0000', '0', '供应商139', null, 'Modular Reagent', '140', 'admin', '2015-03-02 21:21:54', '2015-03-02 21:21:54');
INSERT INTO `b_cat` VALUES ('141', '05061431190-批号141-GBP1600', '05061431190', 'CA2  R1', null, '0', '批号141', '0.0000', '1', '2014-04-01 00:00:00', '生产商140', '2015-10-30 00:00:00', '16.4400', '4', '0.0000', '0', '供应商140', null, 'Modular Reagent', '141', 'admin', '2015-03-02 21:21:54', '2015-03-02 21:21:54');
INSERT INTO `b_cat` VALUES ('142', '05061458190-批号142-SGD57000', '05061458190', 'CA2  R2', null, '0', '批号142', '0.0000', '1', '2014-04-01 00:00:00', '生产商141', '2015-10-30 00:00:00', '570.0000', '2', '0.0000', '0', '供应商141', null, 'Modular Reagent', '142', 'admin', '2015-03-02 21:21:54', '2015-03-02 21:21:54');
INSERT INTO `b_cat` VALUES ('143', '05061431190-批号143-SGD57000', '05061431190', 'CA2  R1', null, '0', '批号143', '0.0000', '1', '2014-04-01 00:00:00', '生产商142', '2015-10-30 00:00:00', '570.0000', '2', '0.0000', '0', '供应商142', null, 'Modular Reagent', '143', 'admin', '2015-03-02 21:21:54', '2015-03-02 21:21:54');
INSERT INTO `b_cat` VALUES ('144', 'N/A-批号144-GBP133400', '', 'shipping cost for CA2', null, '0', '批号144', '0.0000', '1', '2014-04-01 00:00:00', '生产商143', '2015-10-30 00:00:00', '1333.8000', '4', '0.0000', '0', '供应商143', null, 'Modular Reagent', '144', 'admin', '2015-03-02 21:21:54', '2015-03-02 21:21:54');
INSERT INTO `b_cat` VALUES ('145', 'N/A-批号145-CNYN/A', '', 'NGSP Certification Qc Material20ml', null, '0', '批号145', '0.0000', '1', '2014-04-01 00:00:00', '生产商144', '2015-10-30 00:00:00', '0.0000', '0', '0.0000', '0', '供应商144', null, 'Modular Reagent', '145', 'admin', '2015-03-02 21:21:54', '2015-03-02 21:21:54');
INSERT INTO `b_cat` VALUES ('146', 'N/A-批号146-CNYN/A', '', 'NGSP QuarterlyMonitoring Qc Material 40ml', null, '0', '批号146', '0.0000', '1', '2014-04-01 00:00:00', '生产商145', '2015-10-30 00:00:00', '0.0000', '0', '0.0000', '0', '供应商145', null, 'Modular Reagent', '146', 'admin', '2015-03-02 21:21:54', '2015-03-02 21:21:54');
INSERT INTO `b_cat` VALUES ('147', '466-26201-批号147-CNY299100', '466-26201', 'NEFA C Control SERA I', null, '0', '批号147', '1.0000', '1', '2014-04-01 00:00:00', '生产商146', '2015-10-30 00:00:00', '2991.4500', '0', '0.0000', '0', '供应商146', null, 'Modular Reagent', '147', 'admin', '2015-03-02 21:21:54', '2015-03-02 21:21:54');
INSERT INTO `b_cat` VALUES ('148', '462-26301-批号148-CNY299100', '462-26301', 'NEFA C Control SERA II', null, '0', '批号148', '1.0000', '1', '2014-04-01 00:00:00', '生产商147', '2015-10-30 00:00:00', '2991.4500', '0', '0.0000', '0', '供应商147', null, 'Modular Reagent', '148', 'admin', '2015-03-02 21:21:54', '2015-03-02 21:21:54');
INSERT INTO `b_cat` VALUES ('149', '10825468001-批号149-CNY376800', '10825468001', 'Sodium Electrode', null, '0', '批号149', '0.0000', '1', '2014-04-01 00:00:00', '生产商148', '2015-10-30 00:00:00', '3768.3800', '0', '0.0000', '0', '供应商148', null, 'Modular Reagent', '149', 'admin', '2015-03-02 21:21:54', '2015-03-02 21:21:54');
INSERT INTO `b_cat` VALUES ('150', '10825441001-批号150-CNY376800', '10825441001', 'potassium Electrode', null, '0', '批号150', '0.0000', '1', '2014-04-01 00:00:00', '生产商149', '2015-10-30 00:00:00', '3768.3800', '0', '0.0000', '0', '供应商149', null, 'Modular Reagent', '150', 'admin', '2015-03-02 21:21:54', '2015-03-02 21:21:54');
INSERT INTO `b_cat` VALUES ('151', '03149501001-批号151-CNY376800', '03149501001', 'reference Eliectrode', null, '0', '批号151', '0.0000', '1', '2014-04-01 00:00:00', '生产商150', '2015-10-30 00:00:00', '3768.3800', '0', '0.0000', '0', '供应商150', null, 'Modular Reagent', '151', 'admin', '2015-03-02 21:21:54', '2015-03-02 21:21:54');
INSERT INTO `b_cat` VALUES ('152', '03246353001-批号152-CNY376800', '03246353001', 'chloride Electrode', null, '0', '批号152', '0.0000', '1', '2014-04-01 00:00:00', '生产商151', '2015-10-30 00:00:00', '3768.3800', '0', '0.0000', '0', '供应商151', null, 'Modular Reagent', '152', 'admin', '2015-03-02 21:21:54', '2015-03-02 21:21:54');
INSERT INTO `b_cat` VALUES ('153', 'N/A-批号153-USD300', '', 'Solomon Park Calibrator', null, '0', '批号153', '10.0000', '1', '2014-04-01 00:00:00', '生产商152', '2015-10-30 00:00:00', '3.1800', '1', '0.0000', '0', '供应商152', null, 'Modular Reagent', '153', 'admin', '2015-03-02 21:21:54', '2015-03-02 21:21:54');
INSERT INTO `b_cat` VALUES ('154', '11800507001-批号154-CNY147800', '11800507001', 'Clean- liner Elessys', null, '0', '批号154', '0.0000', '1', '2014-04-01 00:00:00', '生产商153', '2015-10-30 00:00:00', '1477.7800', '0', '0.0000', '0', '供应商153', null, 'Modular Reagent', '154', 'admin', '2015-03-02 21:21:54', '2015-03-02 21:21:54');
INSERT INTO `b_cat` VALUES ('157', '594-批号157-CNY380000', '594', 'Liquichek Immunology Control Level 1(6x3ml)', null, '0', '批号157', '0.0000', '1', '2014-04-01 00:00:00', '生产商156', '2015-10-30 00:00:00', '3800.0000', '0', '0.0000', '0', '供应商156', null, 'Bio-rad Controls for Modular', '157', 'admin', '2015-03-02 21:21:54', '2015-03-02 21:21:54');
INSERT INTO `b_cat` VALUES ('158', '595-批号158-CNY380000', '595', 'Liquichek Immunology Control Level 2(6x3ml)', null, '0', '批号158', '0.0000', '1', '2014-04-01 00:00:00', '生产商157', '2015-10-30 00:00:00', '3800.0000', '0', '0.0000', '0', '供应商157', null, 'Bio-rad Controls for Modular', '158', 'admin', '2015-03-02 21:21:54', '2015-03-02 21:21:54');
INSERT INTO `b_cat` VALUES ('159', '596-批号159-CNY380000', '596', 'Liquichek Immunology Control Level 3(6x3ml)', null, '0', '批号159', '0.0000', '1', '2014-04-01 00:00:00', '生产商158', '2015-10-30 00:00:00', '3800.0000', '0', '0.0000', '0', '供应商158', null, 'Bio-rad Controls for Modular', '159', 'admin', '2015-03-02 21:21:54', '2015-03-02 21:21:54');
INSERT INTO `b_cat` VALUES ('160', '594-批号160-USDN/A', '594', 'Liquichek Immunology Control Level 1(6x3ml)', null, '0', '批号160', '0.0000', '1', '2014-04-01 00:00:00', '生产商159', '2015-10-30 00:00:00', '0.0000', '1', '0.0000', '0', '供应商159', null, 'Bio-rad Controls for Modular', '160', 'admin', '2015-03-02 21:21:54', '2015-03-02 21:21:54');
INSERT INTO `b_cat` VALUES ('161', '595-批号161-USDN/A', '595', 'Liquichek Immunology Control Level 2(6x3ml)', null, '0', '批号161', '0.0000', '1', '2014-04-01 00:00:00', '生产商160', '2015-10-30 00:00:00', '0.0000', '1', '0.0000', '0', '供应商160', null, 'Bio-rad Controls for Modular', '161', 'admin', '2015-03-02 21:21:54', '2015-03-02 21:21:54');
INSERT INTO `b_cat` VALUES ('162', '596-批号162-USDN/A', '596', 'Liquichek Immunology Control Level 3(6x3ml)', null, '0', '批号162', '0.0000', '1', '2014-04-01 00:00:00', '生产商161', '2015-10-30 00:00:00', '0.0000', '1', '0.0000', '0', '供应商161', null, 'Bio-rad Controls for Modular', '162', 'admin', '2015-03-02 21:21:54', '2015-03-02 21:21:54');
INSERT INTO `b_cat` VALUES ('163', '594-批号163-SGD60000', '594', 'Liquichek Immunology Control Level 1(6x3ml)', null, '0', '批号163', '0.0000', '1', '2014-04-01 00:00:00', '生产商162', '2015-10-30 00:00:00', '600.0000', '2', '0.0000', '0', '供应商162', null, 'Bio-rad Controls for Modular', '163', 'admin', '2015-03-02 21:21:54', '2015-03-02 21:21:54');
INSERT INTO `b_cat` VALUES ('164', '595-批号164-SGD60000', '595', 'Liquichek Immunology Control Level 2(6x3ml)', null, '0', '批号164', '0.0000', '1', '2014-04-01 00:00:00', '生产商163', '2015-10-30 00:00:00', '600.0000', '2', '0.0000', '0', '供应商163', null, 'Bio-rad Controls for Modular', '164', 'admin', '2015-03-02 21:21:54', '2015-03-02 21:21:54');
INSERT INTO `b_cat` VALUES ('165', '596-批号165-SGD60000', '596', 'Liquichek Immunology Control Level 3(6x3ml)', null, '0', '批号165', '0.0000', '1', '2014-04-01 00:00:00', '生产商164', '2015-10-30 00:00:00', '600.0000', '2', '0.0000', '0', '供应商164', null, 'Bio-rad Controls for Modular', '165', 'admin', '2015-03-02 21:21:54', '2015-03-02 21:21:54');
INSERT INTO `b_cat` VALUES ('166', '594-批号166-CNYN/A', '594', 'Liquichek Immunology Control Level 1(6x3ml)', null, '0', '批号166', '0.0000', '1', '2014-04-01 00:00:00', '生产商165', '2015-10-30 00:00:00', '0.0000', '0', '0.0000', '0', '供应商165', null, 'Bio-rad Controls for Modular', '166', 'admin', '2015-03-02 21:21:54', '2015-03-02 21:21:54');
INSERT INTO `b_cat` VALUES ('167', '595-批号167-CNYN/A', '595', 'Liquichek Immunology Control Level 2(6x3ml)', null, '0', '批号167', '0.0000', '1', '2014-04-01 00:00:00', '生产商166', '2015-10-30 00:00:00', '0.0000', '0', '0.0000', '0', '供应商166', null, 'Bio-rad Controls for Modular', '167', 'admin', '2015-03-02 21:21:54', '2015-03-02 21:21:54');
INSERT INTO `b_cat` VALUES ('168', '596-批号168-CNYN/A', '596', 'Liquichek Immunology Control Level 3(6x3ml)', null, '0', '批号168', '0.0000', '1', '2014-04-01 00:00:00', '生产商167', '2015-10-30 00:00:00', '0.0000', '0', '0.0000', '0', '供应商167', null, 'Bio-rad Controls for Modular', '168', 'admin', '2015-03-02 21:21:54', '2015-03-02 21:21:54');
INSERT INTO `b_cat` VALUES ('169', '594-批号169-CNYN/A', '594', 'Liquichek Immunology Control Level 1(6x3ml)', null, '0', '批号169', '0.0000', '1', '2014-04-01 00:00:00', '生产商168', '2015-10-30 00:00:00', '0.0000', '0', '0.0000', '0', '供应商168', null, 'Bio-rad Controls for Modular', '169', 'admin', '2015-03-02 21:21:54', '2015-03-02 21:21:54');
INSERT INTO `b_cat` VALUES ('170', '595-批号170-CNYN/A', '595', 'Liquichek Immunology Control Level 2(6x3ml)', null, '0', '批号170', '1.0000', '1', '2014-04-01 00:00:00', '生产商168', '2015-10-30 00:00:00', '0.0000', '0', '0.0000', '0', '供应商168', null, 'Bio-rad Controls for Modular', '170', 'admin', '2015-03-02 21:21:54', '2015-03-02 21:21:54');
INSERT INTO `b_cat` VALUES ('171', '596-批号171-CNYN/A', '596', 'Liquichek Immunology Control Level 3(6x3ml)', null, '0', '批号171', '0.0000', '1', '2014-04-01 00:00:00', '生产商168', '2015-10-30 00:00:00', '0.0000', '0', '0.0000', '0', '供应商168', null, 'Bio-rad Controls for Modular', '171', 'admin', '2015-03-02 21:21:54', '2015-03-02 21:21:54');
INSERT INTO `b_cat` VALUES ('172', '594-批号172-CNY391100', '594', 'Liquichek Immunology Control Level 1(6x3ml)', null, '0', '批号172', '4.0000', '1', '2014-04-01 00:00:00', '生产商168', '2015-10-30 00:00:00', '3911.1100', '0', '0.0000', '0', '供应商168', null, 'Bio-rad Controls for Modular', '172', 'admin', '2015-03-02 21:21:54', '2015-03-02 21:21:54');
INSERT INTO `b_cat` VALUES ('173', '595-批号173-CNY391100', '595', 'Liquichek Immunology Control Level 2(6x3ml)', null, '0', '批号173', '6.0000', '1', '2014-04-01 00:00:00', '生产商168', '2015-10-30 00:00:00', '3911.1100', '0', '0.0000', '0', '供应商168', null, 'Bio-rad Controls for Modular', '173', 'admin', '2015-03-02 21:21:54', '2015-03-02 21:21:54');
INSERT INTO `b_cat` VALUES ('174', '596-批号174-CNY391100', '596', 'Liquichek Immunology Control Level 3(6x3ml)', null, '0', '批号174', '4.0000', '1', '2014-04-01 00:00:00', '生产商168', '2015-10-30 00:00:00', '3911.1100', '0', '0.0000', '0', '供应商168', null, 'Bio-rad Controls for Modular', '174', 'admin', '2015-03-02 21:21:54', '2015-03-02 21:21:54');
INSERT INTO `b_cat` VALUES ('175', '641-批号175-CNY176000', '641', 'Liquichek Lipids Control Level 1', null, '0', '批号175', '0.0000', '1', '2014-04-01 00:00:00', '生产商168', '2015-10-30 00:00:00', '1760.0000', '0', '0.0000', '0', '供应商168', null, 'Bio-rad Controls for Modular', '175', 'admin', '2015-03-02 21:21:54', '2015-03-02 21:21:54');
INSERT INTO `b_cat` VALUES ('176', '642-批号176-CNY176000', '642', 'Liquichek Lipids Control Level 2', null, '0', '批号176', '0.0000', '1', '2014-04-01 00:00:00', '生产商168', '2015-10-30 00:00:00', '1760.0000', '0', '0.0000', '0', '供应商168', null, 'Bio-rad Controls for Modular', '176', 'admin', '2015-03-02 21:21:54', '2015-03-02 21:21:54');
INSERT INTO `b_cat` VALUES ('177', '641-批号177-CNY212500', '641', 'Liquichek Lipids Control Level 1', null, '0', '批号177', '0.0000', '1', '2014-04-01 00:00:00', '生产商168', '2015-10-30 00:00:00', '2124.7900', '0', '0.0000', '0', '供应商168', null, 'Bio-rad Controls for Modular', '177', 'admin', '2015-03-02 21:21:54', '2015-03-02 21:21:54');
INSERT INTO `b_cat` VALUES ('178', '642-批号178-CNY212500', '642', 'Liquichek Lipids Control Level 2', null, '0', '批号178', '0.0000', '1', '2014-04-01 00:00:00', '生产商168', '2015-10-30 00:00:00', '2124.7900', '0', '0.0000', '0', '供应商168', null, 'Bio-rad Controls for Modular', '178', 'admin', '2015-03-02 21:21:54', '2015-03-02 21:21:54');
INSERT INTO `b_cat` VALUES ('179', '288-批号179-CNYN/A', '288', 'Bio-Rad Homocysteine Control Level 1', null, '0', '批号179', '0.0000', '1', '2014-04-01 00:00:00', '生产商168', '2015-10-30 00:00:00', '0.0000', '0', '0.0000', '0', '供应商168', null, 'Bio-rad Controls for Modular', '179', 'admin', '2015-03-02 21:21:54', '2015-03-02 21:21:54');
INSERT INTO `b_cat` VALUES ('180', '289-批号180-CNYN/A', '289', 'Bio-Rad Homocysteine Control Level 2', null, '0', '批号180', '0.0000', '1', '2014-04-01 00:00:00', '生产商169', '2015-10-30 00:00:00', '0.0000', '0', '0.0000', '0', '供应商169', null, 'Bio-rad Controls for Modular', '180', 'admin', '2015-03-02 21:21:54', '2015-03-02 21:21:54');
INSERT INTO `b_cat` VALUES ('184', '03141071190-批号184-CNY642700', '03141071190', 'total P1NP', null, '0', '批号184', '0.0000', '1', '2014-04-01 00:00:00', '生产商173', '2015-10-30 00:00:00', '6426.5000', '0', '0.0000', '0', '供应商173', null, 'E411', '184', 'admin', '2015-03-02 21:21:54', '2015-03-02 21:21:54');
INSERT INTO `b_cat` VALUES ('185', '03141080190-批号185-CNY240300', '03141080190', 'total P1NP Calset', null, '0', '批号185', '0.0000', '1', '2014-04-01 00:00:00', '生产商174', '2015-10-30 00:00:00', '2402.5600', '0', '0.0000', '0', '供应商174', null, 'E411', '185', 'admin', '2015-03-02 21:21:54', '2015-03-02 21:21:54');
INSERT INTO `b_cat` VALUES ('186', '03183971122-批号186-CNY108000', '03183971122', 'Elecsys diluent universal ', null, '0', '批号186', '0.0000', '1', '2014-04-01 00:00:00', '生产商175', '2015-10-30 00:00:00', '1080.0000', '0', '0.0000', '0', '供应商175', null, 'E411', '186', 'admin', '2015-03-02 21:21:54', '2015-03-02 21:21:54');
INSERT INTO `b_cat` VALUES ('187', '03183971122-批号187-CNY24100', '03183971122', 'Elecsys diluent universal ', null, '0', '批号187', '0.0000', '1', '2014-04-01 00:00:00', '生产商176', '2015-10-30 00:00:00', '241.0300', '0', '0.0000', '0', '供应商176', null, 'E411', '187', 'admin', '2015-03-02 21:21:54', '2015-03-02 21:21:54');
INSERT INTO `b_cat` VALUES ('188', '03183971122-批号188-CNY92300', '03183971122', 'Elecsys diluent universal ', null, '0', '批号188', '1.0000', '1', '2014-04-01 00:00:00', '生产商177', '2015-10-30 00:00:00', '923.0750', '0', '0.0000', '0', '供应商177', null, 'E411', '188', 'admin', '2015-03-02 21:21:54', '2015-03-02 21:21:54');
INSERT INTO `b_cat` VALUES ('189', '11972308122-批号189-CNY585000', '11972308122', 'CTx', null, '0', '批号189', '0.0000', '1', '2014-04-01 00:00:00', '生产商178', '2015-10-30 00:00:00', '5850.0000', '0', '0.0000', '0', '供应商178', null, 'E411', '189', 'admin', '2015-03-02 21:21:54', '2015-03-02 21:21:54');
INSERT INTO `b_cat` VALUES ('190', '11972308122-批号190-CNY500000', '11972308122', 'CTx', null, '0', '批号190', '0.0000', '1', '2014-04-01 00:00:00', '生产商179', '2015-10-30 00:00:00', '5000.0000', '0', '0.0000', '0', '供应商179', null, 'E411', '190', 'admin', '2015-03-02 21:21:54', '2015-03-02 21:21:54');
INSERT INTO `b_cat` VALUES ('191', '11972316122-批号191-CNY178200', '11972316122', 'CTx Calset', null, '0', '批号191', '0.0000', '1', '2014-04-01 00:00:00', '生产商180', '2015-10-30 00:00:00', '1782.0500', '0', '0.0000', '0', '供应商180', null, 'E411', '191', 'admin', '2015-03-02 21:21:54', '2015-03-02 21:21:54');
INSERT INTO `b_cat` VALUES ('192', '11706802001-批号192-CNY189400', '11706802001', 'Assay cup Elecsys 2010', null, '0', '批号192', '0.0000', '1', '2014-04-01 00:00:00', '生产商181', '2015-10-30 00:00:00', '1894.0000', '0', '0.0000', '0', '供应商181', null, 'E411', '192', 'admin', '2015-03-02 21:21:54', '2015-03-02 21:21:54');
INSERT INTO `b_cat` VALUES ('193', '11706802001-批号193-CNY161900', '11706802001', 'Assay cup Elecsys 2010', null, '0', '批号193', '0.0000', '1', '2014-04-01 00:00:00', '生产商182', '2015-10-30 00:00:00', '1618.8000', '0', '0.0000', '0', '供应商182', null, 'E411', '193', 'admin', '2015-03-02 21:21:54', '2015-03-02 21:21:54');
INSERT INTO `b_cat` VALUES ('194', '11662970122-批号194-CNY88400', '11662970122', 'Clean-cell Elecsys K', null, '0', '批号194', '0.0000', '1', '2014-04-01 00:00:00', '生产商183', '2015-10-30 00:00:00', '884.0000', '0', '0.0000', '0', '供应商183', null, 'E411', '194', 'admin', '2015-03-02 21:21:54', '2015-03-02 21:21:54');
INSERT INTO `b_cat` VALUES ('195', '11662970122-批号195-CNY75600', '11662970122', 'Clean-cell Elecsys K', null, '0', '批号195', '3.0000', '1', '2014-04-01 00:00:00', '生产商184', '2015-10-30 00:00:00', '755.5600', '0', '0.0000', '0', '供应商184', null, 'E411', '195', 'admin', '2015-03-02 21:21:54', '2015-03-02 21:21:54');
INSERT INTO `b_cat` VALUES ('196', '11662988122-批号196-CNY88400', '11662988122', 'ProCell', null, '0', '批号196', '0.0000', '1', '2014-04-01 00:00:00', '生产商185', '2015-10-30 00:00:00', '884.0000', '0', '0.0000', '0', '供应商185', null, 'E411', '196', 'admin', '2015-03-02 21:21:54', '2015-03-02 21:21:54');
INSERT INTO `b_cat` VALUES ('197', '11662988122-批号197-CNY75600', '11662988122', 'ProCell', null, '0', '批号197', '3.0000', '1', '2014-04-01 00:00:00', '生产商186', '2015-10-30 00:00:00', '755.5600', '0', '0.0000', '0', '供应商186', null, 'E411', '197', 'admin', '2015-03-02 21:21:54', '2015-03-02 21:21:54');
INSERT INTO `b_cat` VALUES ('198', '1156813200-批号198-CNY1291000', '1156813200', 'Reaction cell ', null, '0', '批号198', '0.0000', '1', '2014-04-01 00:00:00', '生产商187', '2015-10-30 00:00:00', '12910.0000', '0', '0.0000', '0', '供应商187', null, 'E411', '198', 'admin', '2015-03-02 21:21:54', '2015-03-02 21:21:54');
INSERT INTO `b_cat` VALUES ('199', '1156813200-批号199-CNY1103400', '1156813200', 'Reaction cell ', null, '0', '批号199', '0.0000', '1', '2014-04-01 00:00:00', '生产商188', '2015-10-30 00:00:00', '11034.1900', '0', '0.0000', '0', '供应商188', null, 'E411', '199', 'admin', '2015-03-02 21:21:54', '2015-03-02 21:21:54');
INSERT INTO `b_cat` VALUES ('200', '‘04687876190-批号200-CNY150800', '‘04687876190', 'PreciControl HBsAg II', null, '0', '批号200', '0.0000', '1', '2014-04-01 00:00:00', '生产商189', '2015-10-30 00:00:00', '1507.6900', '0', '0.0000', '0', '供应商189', null, 'E411', '200', 'admin', '2015-03-02 21:21:54', '2015-03-02 21:21:54');
INSERT INTO `b_cat` VALUES ('201', '11731416190-批号201-CNY116200', '11731416190', 'Precicontrol Universal', null, '0', '批号201', '0.0000', '1', '2014-04-01 00:00:00', '生产商190', '2015-10-30 00:00:00', '1162.0000', '0', '0.0000', '0', '供应商190', null, 'E411', '201', 'admin', '2015-03-02 21:21:54', '2015-03-02 21:21:54');
INSERT INTO `b_cat` VALUES ('202', '11731416190-批号202-CNY99300', '11731416190', 'Precicontrol Universal', null, '0', '批号202', '0.0000', '1', '2014-04-01 00:00:00', '生产商191', '2015-10-30 00:00:00', '993.1600', '0', '0.0000', '0', '供应商191', null, 'E411', '202', 'admin', '2015-03-02 21:21:54', '2015-03-02 21:21:54');
INSERT INTO `b_cat` VALUES ('203', '11662988122-批号203-CNY75600', '11662988122', 'Elecsys Procell', null, '0', '批号203', '0.0000', '1', '2014-04-01 00:00:00', '生产商192', '2015-10-30 00:00:00', '755.5600', '0', '0.0000', '0', '供应商192', null, 'E411', '203', 'admin', '2015-03-02 21:21:54', '2015-03-02 21:21:54');
INSERT INTO `b_cat` VALUES ('204', '11820583122-批号204-CNY178600', '11820583122', 'Elecsys HBeAg', null, '0', '批号204', '2.0000', '1', '2014-04-01 00:00:00', '生产商193', '2015-10-30 00:00:00', '1786.3200', '0', '0.0000', '0', '供应商193', null, 'E411', '204', 'admin', '2015-03-02 21:21:54', '2015-03-02 21:21:54');
INSERT INTO `b_cat` VALUES ('205', '03609987190-批号205-CNY121900', '03609987190', 'Diluent MultiAssay', null, '0', '批号205', '0.0000', '1', '2014-04-01 00:00:00', '生产商194', '2015-10-30 00:00:00', '1219.0000', '0', '0.0000', '0', '供应商194', null, 'E411', '205', 'admin', '2015-03-02 21:21:54', '2015-03-02 21:21:54');
INSERT INTO `b_cat` VALUES ('206', '03609987190-批号206-CNY104200', '03609987190', 'Diluent MultiAssay', null, '0', '批号206', '1.0000', '1', '2014-04-01 00:00:00', '生产商195', '2015-10-30 00:00:00', '1041.8800', '0', '0.0000', '0', '供应商195', null, 'E411', '206', 'admin', '2015-03-02 21:21:54', '2015-03-02 21:21:54');
INSERT INTO `b_cat` VALUES ('207', '05957435190-批号207-CNY176900', '05957435190', 'HBs Ag II quant', null, '0', '批号207', '1.0000', '1', '2014-04-01 00:00:00', '生产商196', '2015-10-30 00:00:00', '1769.2300', '0', '0.0000', '0', '供应商196', null, 'E411', '207', 'admin', '2015-03-02 21:21:54', '2015-03-02 21:21:54');
INSERT INTO `b_cat` VALUES ('208', '05390095190-批号208-CNY233000', '05390095190', 'HIV combi PT', null, '0', '批号208', '0.0000', '1', '2014-04-01 00:00:00', '生产商197', '2015-10-30 00:00:00', '2329.9100', '0', '0.0000', '0', '供应商197', null, 'E411', '208', 'admin', '2015-03-02 21:21:54', '2015-03-02 21:21:54');
INSERT INTO `b_cat` VALUES ('209', '05162645190-批号209-CNY220700', '05162645190', ' Preci Control HIV ', null, '0', '批号209', '0.0000', '1', '2014-04-01 00:00:00', '生产商198', '2015-10-30 00:00:00', '2206.8400', '0', '0.0000', '0', '供应商198', null, 'E411', '209', 'admin', '2015-03-02 21:21:54', '2015-03-02 21:21:54');
INSERT INTO `b_cat` VALUES ('210', '11706799001-批号210-CNY190100', '11706799001', 'Assay tip Elecsys 2010', null, '0', '批号210', '0.0000', '1', '2014-04-01 00:00:00', '生产商199', '2015-10-30 00:00:00', '1900.8500', '0', '0.0000', '0', '供应商199', null, 'E411', '210', 'admin', '2015-03-02 21:21:54', '2015-03-02 21:21:54');
INSERT INTO `b_cat` VALUES ('211', '11876376122-批号211-CNY113800', '11876376122', 'preci control HBeAg Elecsys', null, '0', '批号211', '0.0000', '1', '2014-04-01 00:00:00', '生产商200', '2015-10-30 00:00:00', '1137.6100', '0', '0.0000', '0', '供应商200', null, 'E411', '211', 'admin', '2015-03-02 21:21:54', '2015-03-02 21:21:54');
INSERT INTO `b_cat` VALUES ('212', '11876376122-批号212-CNY142400', '11876376122', 'preci control HBeAg Elecsys', null, '0', '批号212', '1.0000', '1', '2014-04-01 00:00:00', '生产商201', '2015-10-30 00:00:00', '1424.0700', '0', '0.0000', '0', '供应商201', null, 'E411', '212', 'admin', '2015-03-02 21:21:54', '2015-03-02 21:21:54');
INSERT INTO `b_cat` VALUES ('213', 'N/A-批号213-CNY76900', '', 'diluent（Plasma）', null, '0', '批号213', '3.0000', '1', '2014-04-01 00:00:00', '生产商202', '2015-10-30 00:00:00', '769.2300', '0', '0.0000', '0', '供应商202', null, 'E411', '213', 'admin', '2015-03-02 21:21:54', '2015-03-02 21:21:54');
INSERT INTO `b_cat` VALUES ('214', '03000079190-批号214-CNY187500', '03000079190', 'Estradiol Ⅱ', null, '0', '批号214', '1.0000', '1', '2014-04-01 00:00:00', '生产商203', '2015-10-30 00:00:00', '1875.0450', '0', '0.0000', '0', '供应商203', null, 'E411', '214', 'admin', '2015-03-02 21:21:54', '2015-03-02 21:21:54');
INSERT INTO `b_cat` VALUES ('215', '03064921122-批号215-CNY128900', '03064921122', 'Estradiol ⅡCalset Ⅱ', null, '0', '批号215', '1.0000', '1', '2014-04-01 00:00:00', '生产商204', '2015-10-30 00:00:00', '1288.8900', '0', '0.0000', '0', '供应商204', null, 'E411', '215', 'admin', '2015-03-02 21:21:54', '2015-03-02 21:21:54');
INSERT INTO `b_cat` VALUES ('216', '11820613122-批号216-CNYN/A', '11820613122', 'Anti-Hbe', null, '0', '批号216', '0.0000', '1', '2014-04-01 00:00:00', '生产商205', '2015-10-30 00:00:00', '0.0000', '0', '0.0000', '0', '供应商205', null, 'E411', '216', 'admin', '2015-03-02 21:21:54', '2015-03-02 21:21:54');
INSERT INTO `b_cat` VALUES ('217', '11820524122-批号217-CNY160900', '11820524122', 'Anti-HBs', null, '0', '批号217', '0.0000', '1', '2014-04-01 00:00:00', '生产商206', '2015-10-30 00:00:00', '1609.4000', '0', '0.0000', '0', '供应商206', null, 'E411', '217', 'admin', '2015-03-02 21:21:54', '2015-03-02 21:21:54');
INSERT INTO `b_cat` VALUES ('218', '11876317122-批号218-CNY150900', '11876317122', 'PreciControl Anti-HBs', null, '0', '批号218', '1.0000', '1', '2014-04-01 00:00:00', '生产商207', '2015-10-30 00:00:00', '1508.5500', '0', '0.0000', '0', '供应商207', null, 'E411', '218', 'admin', '2015-03-02 21:21:54', '2015-03-02 21:21:54');
INSERT INTO `b_cat` VALUES ('219', '11876384122-批号219-CNYN/A', '11876384122', 'PreciControl Anti-Hbe', null, '0', '批号219', '0.0000', '1', '2014-04-01 00:00:00', '生产商208', '2015-10-30 00:00:00', '0.0000', '0', '0.0000', '0', '供应商208', null, 'E411', '219', 'admin', '2015-03-02 21:21:54', '2015-03-02 21:21:54');
INSERT INTO `b_cat` VALUES ('220', '05095107190-批号220-CNY123800', '05095107190', 'PreciControl Troponin', null, '0', '批号220', '0.0000', '1', '2014-04-01 00:00:00', '生产商209', '2015-10-30 00:00:00', '1238.4600', '0', '0.0000', '0', '供应商209', null, 'E411', '220', 'admin', '2015-03-02 21:21:54', '2015-03-02 21:21:54');
INSERT INTO `b_cat` VALUES ('221', '05092744190-批号221-CNY696800', '05092744190', 'Troponin T hs ', null, '0', '批号221', '0.0000', '1', '2014-04-01 00:00:00', '生产商210', '2015-10-30 00:00:00', '6968.3800', '0', '0.0000', '0', '供应商210', null, 'E411', '221', 'admin', '2015-03-02 21:21:54', '2015-03-02 21:21:54');
INSERT INTO `b_cat` VALUES ('222', '05092752190-批号222-CNY164300', '05092752190', 'Troponin T hs Calset ', null, '0', '批号222', '0.0000', '1', '2014-04-01 00:00:00', '生产商211', '2015-10-30 00:00:00', '1642.7400', '0', '0.0000', '0', '供应商211', null, 'E411', '222', 'admin', '2015-03-02 21:21:54', '2015-03-02 21:21:54');
INSERT INTO `b_cat` VALUES ('223', '1.1820567122E10-批号223-CNYN/A', '1.1820567122E10', 'Anti-HBc IgM', null, '0', '批号223', '0.0000', '1', '2014-04-01 00:00:00', '生产商212', '2015-10-30 00:00:00', '0.0000', '0', '0.0000', '0', '供应商212', null, 'E411', '223', 'admin', '2015-03-02 21:21:54', '2015-03-02 21:21:54');
INSERT INTO `b_cat` VALUES ('224', '1.1820567122E10-批号224-CNY225800', '1.1820567122E10', 'Anti-HBc IgM', null, '0', '批号224', '0.0000', '1', '2014-04-01 00:00:00', '生产商213', '2015-10-30 00:00:00', '2258.1200', '0', '0.0000', '0', '供应商213', null, 'E411', '224', 'admin', '2015-03-02 21:21:54', '2015-03-02 21:21:54');
INSERT INTO `b_cat` VALUES ('225', '1.1820559122E10-批号225-CNYN/A', '1.1820559122E10', 'Anti-HBc ', null, '0', '批号225', '0.0000', '1', '2014-04-01 00:00:00', '生产商214', '2015-10-30 00:00:00', '0.0000', '0', '0.0000', '0', '供应商214', null, 'E411', '225', 'admin', '2015-03-02 21:21:54', '2015-03-02 21:21:54');
INSERT INTO `b_cat` VALUES ('226', '1.1820559122E10-批号226-CNY184300', '1.1820559122E10', 'Anti-HBc ', null, '0', '批号226', '1.0000', '1', '2014-04-01 00:00:00', '生产商215', '2015-10-30 00:00:00', '1842.7400', '0', '0.0000', '0', '供应商215', null, 'E411', '226', 'admin', '2015-03-02 21:21:54', '2015-03-02 21:21:54');
INSERT INTO `b_cat` VALUES ('227', '4.68778719E9-批号227-CNYN/A', '4.68778719E9', 'HBsAg II', null, '0', '批号227', '0.0000', '1', '2014-04-01 00:00:00', '生产商216', '2015-10-30 00:00:00', '0.0000', '0', '0.0000', '0', '供应商216', null, 'E411', '227', 'admin', '2015-03-02 21:21:54', '2015-03-02 21:21:54');
INSERT INTO `b_cat` VALUES ('228', '4.68778719E9-批号228-CNY160900', '4.68778719E9', 'HBsAg II', null, '0', '批号228', '0.0000', '1', '2014-04-01 00:00:00', '生产商217', '2015-10-30 00:00:00', '1609.4000', '0', '0.0000', '0', '供应商217', null, 'E411', '228', 'admin', '2015-03-02 21:21:54', '2015-03-02 21:21:54');
INSERT INTO `b_cat` VALUES ('229', '1.1876325122E10-批号229-CNYN/A', '1.1876325122E10', 'PreciControl Anti- HBc', null, '0', '批号229', '0.0000', '1', '2014-04-01 00:00:00', '生产商218', '2015-10-30 00:00:00', '0.0000', '0', '0.0000', '0', '供应商218', null, 'E411', '229', 'admin', '2015-03-02 21:21:54', '2015-03-02 21:21:54');
INSERT INTO `b_cat` VALUES ('230', '1.1876325122E10-批号230-CNY150900', '1.1876325122E10', 'PreciControl Anti- HBc', null, '0', '批号230', '0.0000', '1', '2014-04-01 00:00:00', '生产商219', '2015-10-30 00:00:00', '1508.5500', '0', '0.0000', '0', '供应商219', null, 'E411', '230', 'admin', '2015-03-02 21:21:54', '2015-03-02 21:21:54');
INSERT INTO `b_cat` VALUES ('231', '4687876190-批号231-CNYN/A', '4687876190', 'PreciControl HBsAg II', null, '0', '批号231', '0.0000', '1', '2014-04-01 00:00:00', '生产商220', '2015-10-30 00:00:00', '0.0000', '0', '0.0000', '0', '供应商220', null, 'E411', '231', 'admin', '2015-03-02 21:21:54', '2015-03-02 21:21:54');
INSERT INTO `b_cat` VALUES ('232', '1.1876333122E10-批号232-CNYN/A', '1.1876333122E10', 'PreciControl Anti-HBc IgM', null, '0', '批号232', '0.0000', '1', '2014-04-01 00:00:00', '生产商221', '2015-10-30 00:00:00', '0.0000', '0', '0.0000', '0', '供应商221', null, 'E411', '232', 'admin', '2015-03-02 21:21:54', '2015-03-02 21:21:54');
INSERT INTO `b_cat` VALUES ('233', '1.1876333122E10-批号233-CNY150700', '1.1876333122E10', 'PreciControl Anti-HBc IgM', null, '0', '批号233', '0.0000', '1', '2014-04-01 00:00:00', '生产商222', '2015-10-30 00:00:00', '1506.8500', '0', '0.0000', '0', '供应商222', null, 'E411', '233', 'admin', '2015-03-02 21:21:54', '2015-03-02 21:21:54');
INSERT INTO `b_cat` VALUES ('234', '11930346122-批号234-CNY67600', '11930346122', 'Sys Wash Elecsys', null, '0', '批号234', '2.0000', '1', '2014-04-01 00:00:00', '生产商223', '2015-10-30 00:00:00', '676.0700', '0', '0.0000', '0', '供应商223', null, 'E411', '234', 'admin', '2015-03-02 21:21:54', '2015-03-02 21:21:54');
INSERT INTO `b_cat` VALUES ('235', '05618860190-批号235-CNY128100', '05618860190', 'PreciControl Uaria', null, '0', '批号235', '0.0000', '1', '2014-04-01 00:00:00', '生产商224', '2015-10-30 00:00:00', '1281.2000', '0', '0.0000', '0', '供应商224', null, 'E411', '235', 'admin', '2015-03-02 21:21:54', '2015-03-02 21:21:54');
INSERT INTO `b_cat` VALUES ('236', '04880455190-鹅鹅鹅-CNY1000', '04880455190', 'ISE Internal Standard', '', '0', '鹅鹅鹅', '1.0000', '1', null, '', '2015-04-10 00:00:00', '10.0000', '0', null, '0', '', '万维网', 'Modular Reagent', '99999', null, '2015-03-06 22:50:51', '2015-03-07 00:20:11');
INSERT INTO `b_cat` VALUES ('237', '11970909216-666-CNY1000', '11970909216', 'ALB', '', '0', '666', '4.7500', '1', null, '', '2015-04-11 00:00:00', '10.0000', '0', null, '0', '', '25', 'Modular Reagent', '99999', null, '2015-03-07 00:22:09', '2015-03-07 00:30:29');

-- ----------------------------
-- Table structure for `b_file`
-- ----------------------------
DROP TABLE IF EXISTS `b_file`;
CREATE TABLE `b_file` (
  `id` int(11) NOT NULL auto_increment COMMENT '编号',
  `name` varchar(255) default NULL COMMENT '名称',
  `path` varchar(255) default NULL COMMENT '路劲',
  `type` varchar(255) default NULL COMMENT '文件类型,目前只有一种文件，即R统计文件',
  `makedate` datetime default NULL COMMENT '文件生成日期',
  `modifydate` datetime default NULL COMMENT '文件修改日期',
  PRIMARY KEY  (`id`)
) ENGINE=InnoDB AUTO_INCREMENT=13 DEFAULT CHARSET=utf8;

-- ----------------------------
-- Records of b_file
-- ----------------------------

-- ----------------------------
-- Table structure for `b_in`
-- ----------------------------
DROP TABLE IF EXISTS `b_in`;
CREATE TABLE `b_in` (
  `id` int(11) NOT NULL auto_increment COMMENT '货号，试剂号耗材号',
  `catid` varchar(255) default NULL COMMENT '物理编号，系统生成',
  `catno` varchar(50) NOT NULL,
  `catName` varchar(255) default NULL COMMENT '试剂名称，冗余，b_cat.name',
  `seq` varchar(50) default NULL COMMENT '编号，为全球统一编号预留',
  `batchNo` varchar(50) default NULL COMMENT '批号',
  `cattype` varchar(50) default NULL,
  `producer` varchar(255) default NULL COMMENT '生产商',
  `dealer` varchar(255) default NULL COMMENT '经销商',
  `productDate` datetime default NULL COMMENT '生产日期',
  `reason` varchar(255) default NULL COMMENT '入库原因 codetype=''inreason''',
  `expiredate` datetime default NULL COMMENT '失效日',
  `num` float(10,4) default NULL COMMENT '数量',
  `numUnit` varchar(50) default NULL COMMENT '数量单位',
  `price` decimal(10,4) default NULL COMMENT '单价，原始单价',
  `priceUnit` varchar(50) default NULL COMMENT '货币单位 codetype=''money'',存储codename',
  `localPrice` decimal(10,4) default NULL COMMENT '本地货币单价，通过汇率转化',
  `taxRate` decimal(10,4) default NULL COMMENT '税率',
  `inDate` datetime default NULL COMMENT '入库日期',
  `machineName` varchar(255) default NULL COMMENT '设备编号',
  `rtype` varchar(50) default NULL COMMENT 'R分类',
  `catFrom` varchar(50) default NULL COMMENT '来源，oversea，local',
  `person` varchar(50) default NULL COMMENT '入库人',
  `remark` varchar(500) default NULL COMMENT '备注',
  `operator` varchar(255) default NULL COMMENT '当前用户',
  `makedate` datetime default NULL COMMENT '产生日期',
  `modifydate` datetime default NULL COMMENT '修改时间',
  PRIMARY KEY  (`id`)
) ENGINE=InnoDB AUTO_INCREMENT=3 DEFAULT CHARSET=utf8 COMMENT='试剂表';

-- ----------------------------
-- Records of b_in
-- ----------------------------
INSERT INTO `b_in` VALUES ('1', '04880455190-鹅鹅鹅-CNY1000', '04880455190', 'ISE Internal Standard', '', '鹅鹅鹅', '0', '', '', null, '0', '2015-04-10 00:00:00', '12.5535', null, '10.0000', '0', null, null, '2015-03-06 00:00:00', 'Modular Reagent', '1', '0', '1', '', '1', '2015-03-06 22:50:51', '2015-03-07 00:08:09');
INSERT INTO `b_in` VALUES ('2', '11970909216-666-CNY1000', '11970909216', 'ALB', '', '666', '0', '', '', null, '0', '2015-04-11 00:00:00', '10.0000', null, '10.0000', '0', null, null, '2015-03-07 00:00:00', 'Modular Reagent', '1', '0', '1', '', '1', '2015-03-07 00:22:09', '2015-03-07 00:22:09');

-- ----------------------------
-- Table structure for `b_machine`
-- ----------------------------
DROP TABLE IF EXISTS `b_machine`;
CREATE TABLE `b_machine` (
  `id` int(11) NOT NULL auto_increment,
  `machineName` varchar(255) default NULL COMMENT '设备名称',
  `shortname` varchar(255) default NULL COMMENT '设备简称',
  `machineNo` varchar(50) default NULL COMMENT '设备编号',
  `alias` varchar(255) default NULL COMMENT '别名',
  `remark` varchar(255) default NULL COMMENT '备注',
  `orderNo` int(11) default NULL COMMENT '排序号',
  PRIMARY KEY  (`id`)
) ENGINE=InnoDB AUTO_INCREMENT=10 DEFAULT CHARSET=utf8 COMMENT='设备机器表';

-- ----------------------------
-- Records of b_machine
-- ----------------------------
INSERT INTO `b_machine` VALUES ('7', 'Modular Reagent', null, null, null, null, null);
INSERT INTO `b_machine` VALUES ('8', 'Bio-rad Controls for Modular', null, null, null, null, null);
INSERT INTO `b_machine` VALUES ('9', 'E411', null, null, null, null, null);

-- ----------------------------
-- Table structure for `b_out`
-- ----------------------------
DROP TABLE IF EXISTS `b_out`;
CREATE TABLE `b_out` (
  `id` int(11) NOT NULL auto_increment,
  `catid` varchar(255) default NULL COMMENT '物理编号，系统生成',
  `machineName` varchar(255) default NULL COMMENT '设备名称',
  `machineNo` varchar(50) default NULL COMMENT '设备编号',
  `catno` varchar(50) NOT NULL,
  `catname` varchar(255) default NULL,
  `rType` varchar(50) default NULL COMMENT '分组，按照R特性分组',
  `seq` varchar(50) default '' COMMENT '编号，为全球统一编号预留',
  `batchno` varchar(50) NOT NULL COMMENT '批号',
  `cattype` varchar(50) default NULL COMMENT '0-试剂,1-耗材',
  `person` varchar(255) default NULL COMMENT '出库人',
  `outDate` datetime default NULL COMMENT '出库日期',
  `price` decimal(10,4) NOT NULL COMMENT '单价，原始单价',
  `priceUnit` varchar(50) default NULL COMMENT '单价，原始单价',
  `localPrice` decimal(10,4) default NULL COMMENT '本地货币单价，通过汇率转化',
  `num` float(10,4) default NULL COMMENT '数量',
  `reason` varchar(255) default NULL COMMENT '出库原因，codetype=''outreason''',
  `remark` varchar(255) default NULL COMMENT '备注',
  `projectCode` varchar(255) default NULL COMMENT '项目编号',
  `description` varchar(255) default NULL COMMENT 'validation description',
  `cause` varchar(255) default NULL,
  `section` varchar(255) default NULL COMMENT 'section/instruments',
  `operator` varchar(255) default NULL COMMENT '操作者',
  `makedate` datetime default NULL COMMENT '创建日期',
  `modifydate` datetime default NULL COMMENT '修改日期',
  PRIMARY KEY  (`id`)
) ENGINE=InnoDB AUTO_INCREMENT=11 DEFAULT CHARSET=utf8 COMMENT='出库记录';

-- ----------------------------
-- Records of b_out
-- ----------------------------
INSERT INTO `b_out` VALUES ('1', '04880455190-鹅鹅鹅-CNY1000', 'Modular Reagent', '万维网', '04880455190', 'ISE Internal Standard', '1', '', '鹅鹅鹅', '0', '1', '2015-03-07 00:00:00', '10.0000', '0', null, '0.5535', '0', '', '', '', '', '', '1', '2015-03-07 00:18:51', '2015-03-07 00:18:51');
INSERT INTO `b_out` VALUES ('2', '04880455190-鹅鹅鹅-CNY1000', 'Modular Reagent', '万维网', '04880455190', 'ISE Internal Standard', '1', '', '鹅鹅鹅', '0', '1', '2015-03-07 00:00:00', '10.0000', '0', null, '0.4465', '0', '', '', '', '', '', '1', '2015-03-07 00:19:05', '2015-03-07 00:19:05');
INSERT INTO `b_out` VALUES ('3', '04880455190-鹅鹅鹅-CNY1000', 'Modular Reagent', '万维网', '04880455190', 'ISE Internal Standard', '1', '', '鹅鹅鹅', '0', '1', '2015-03-07 00:00:00', '10.0000', '0', null, '0.5535', '0', '', '', '', '', '', '1', '2015-03-07 00:19:29', '2015-03-07 00:19:29');
INSERT INTO `b_out` VALUES ('4', '04880455190-鹅鹅鹅-CNY1000', 'Modular Reagent', '万维网', '04880455190', 'ISE Internal Standard', '1', '', '鹅鹅鹅', '0', '1', '2015-03-07 00:00:00', '10.0000', '0', null, '1.4465', '0', '', '', '', '', '', '1', '2015-03-07 00:19:53', '2015-03-07 00:19:53');
INSERT INTO `b_out` VALUES ('5', '04880455190-鹅鹅鹅-CNY1000', 'Modular Reagent', '万维网', '04880455190', 'ISE Internal Standard', '1', '', '鹅鹅鹅', '0', '1', '2015-03-07 00:00:00', '10.0000', '0', null, '9.0000', '0', '', '', '', '', '', '1', '2015-03-07 00:20:11', '2015-03-07 00:20:11');
INSERT INTO `b_out` VALUES ('6', '11970909216-666-CNY1000', 'Modular Reagent', '25', '11970909216', 'ALB', '1', '', '666', '0', '1', '2015-03-07 00:00:00', '10.0000', '0', null, '1.5000', '0', '', '', '', '', '', '1', '2015-03-07 00:22:26', '2015-03-07 00:22:26');
INSERT INTO `b_out` VALUES ('7', '11970909216-666-CNY1000', 'Modular Reagent', '25', '11970909216', 'ALB', '1', '', '666', '0', '1', '2015-03-07 00:00:00', '10.0000', '0', null, '1.0000', '0', '', '', '', '', '', '1', '2015-03-07 00:22:42', '2015-03-07 00:22:42');
INSERT INTO `b_out` VALUES ('8', '11970909216-666-CNY1000', 'Modular Reagent', '25', '11970909216', 'ALB', '1', '', '666', '0', '1', '2015-03-07 00:00:00', '10.0000', '0', null, '0.5000', '0', '', '', '', '', '', '1', '2015-03-07 00:23:15', '2015-03-07 00:23:15');
INSERT INTO `b_out` VALUES ('9', '11970909216-666-CNY1000', 'Modular Reagent', '25', '11970909216', 'ALB', '1', '', '666', '0', '1', '2015-03-07 00:00:00', '10.0000', '0', null, '0.5000', '0', '', '', '', '', '', '1', '2015-03-07 00:30:05', '2015-03-07 00:30:05');
INSERT INTO `b_out` VALUES ('10', '11970909216-666-CNY1000', 'Modular Reagent', '25', '11970909216', 'ALB', '1', '', '666', '0', '1', '2015-03-07 00:00:00', '10.0000', '0', null, '1.2500', '0', '', '', '', '', '', '1', '2015-03-07 00:30:29', '2015-03-07 00:30:29');

-- ----------------------------
-- Table structure for `b_person`
-- ----------------------------
DROP TABLE IF EXISTS `b_person`;
CREATE TABLE `b_person` (
  `id` int(11) NOT NULL auto_increment,
  `name` varchar(255) default NULL,
  `alias` varchar(255) default NULL,
  PRIMARY KEY  (`id`)
) ENGINE=InnoDB DEFAULT CHARSET=utf8;

-- ----------------------------
-- Records of b_person
-- ----------------------------

-- ----------------------------
-- Table structure for `b_report_discard`
-- ----------------------------
DROP TABLE IF EXISTS `b_report_discard`;
CREATE TABLE `b_report_discard` (
  `id` int(11) NOT NULL auto_increment,
  `catid` int(11) default NULL,
  `flag` varchar(10) default NULL,
  `startDate` date default NULL,
  `endDate` date default NULL,
  `rownum` int(11) default NULL,
  `outDate` date default NULL,
  `description` varchar(500) default NULL,
  `catno` varchar(50) default NULL,
  `price` double(20,6) default NULL,
  `currency` varchar(255) default NULL,
  `expiredate` date default NULL,
  `qty` float(10,4) default NULL,
  `totalAmnt` double(20,6) default NULL,
  `rootCause` varchar(255) default NULL,
  `section` varchar(255) default NULL,
  `producer` varchar(255) default NULL,
  `dealer` varchar(255) default NULL,
  `catFrom` varchar(255) default NULL,
  `makedate` datetime default NULL,
  `operator` varchar(100) default NULL,
  PRIMARY KEY  (`id`)
) ENGINE=InnoDB DEFAULT CHARSET=utf8;

-- ----------------------------
-- Records of b_report_discard
-- ----------------------------

-- ----------------------------
-- Table structure for `b_report_r`
-- ----------------------------
DROP TABLE IF EXISTS `b_report_r`;
CREATE TABLE `b_report_r` (
  `id` int(11) NOT NULL auto_increment,
  `catid` int(11) default NULL,
  `flag` varchar(10) default NULL,
  `rType` varchar(10) default NULL,
  `startDate` date default NULL,
  `endDate` date default NULL,
  `catno` varchar(50) default NULL,
  `machineNo` varchar(11) default NULL,
  `catname` varchar(255) default NULL,
  `opening` float(10,4) default NULL,
  `inVendor` float(10,4) default NULL,
  `inInterlab` float(10,4) default NULL,
  `inSponsor` float(10,4) default NULL,
  `inCharges` float(10,4) default NULL,
  `inTotal` float(10,4) default NULL,
  `outTrialTest` float(10,4) default NULL,
  `outValidation` float(10,4) default NULL,
  `outDiscard` float(10,4) default NULL,
  `outIntelLab` float(10,4) default NULL,
  `outSponsor` float(10,4) default NULL,
  `outOther` float(10,4) default NULL,
  `outTotal` float(10,4) default NULL,
  `closing` float(10,4) default NULL,
  `CNY` double(20,6) default NULL,
  `USD` double(20,6) default NULL,
  `SGD` double(20,6) default NULL,
  `EUR` double(20,6) default NULL,
  `GBP` double(20,6) default NULL,
  `localprice` double(20,6) default NULL,
  `totalAmount` double(20,6) default NULL,
  `remark` varchar(1000) default NULL,
  `qtyIn` double(20,6) default NULL,
  `qtyOut` double(20,6) default NULL,
  `checkQty` double(20,6) default NULL,
  `checkAmt` double(20,6) default NULL,
  `pqtyIn` double(20,6) default NULL,
  `pqtyOut` double(20,6) default NULL,
  `cqtyIn` double(20,6) default NULL,
  `cqtyOut` double(20,6) default NULL,
  `makedate` datetime default NULL,
  `operator` varchar(100) default NULL,
  PRIMARY KEY  (`id`)
) ENGINE=InnoDB DEFAULT CHARSET=utf8;

-- ----------------------------
-- Records of b_report_r
-- ----------------------------

-- ----------------------------
-- Table structure for `b_report_validation`
-- ----------------------------
DROP TABLE IF EXISTS `b_report_validation`;
CREATE TABLE `b_report_validation` (
  `id` int(11) NOT NULL auto_increment,
  `catid` int(11) default NULL,
  `flag` varchar(10) default NULL,
  `startDate` date default NULL,
  `endDate` date default NULL,
  `section` varchar(255) default NULL,
  `outDate` date default NULL,
  `description` varchar(500) default NULL,
  `rType` varchar(255) default NULL,
  `catname` varchar(255) default NULL,
  `qty` float(10,4) default NULL,
  `priceCNY` double(20,6) default NULL,
  `totalCostCNY` double(20,6) default NULL,
  `totalCostUSD` double(20,6) default NULL,
  `projectCode` varchar(255) default NULL,
  `makeDate` datetime default NULL,
  `operator` varchar(255) default NULL,
  PRIMARY KEY  (`id`)
) ENGINE=InnoDB DEFAULT CHARSET=utf8;

-- ----------------------------
-- Records of b_report_validation
-- ----------------------------

-- ----------------------------
-- Table structure for `b_var`
-- ----------------------------
DROP TABLE IF EXISTS `b_var`;
CREATE TABLE `b_var` (
  `bizkey` varchar(255) NOT NULL,
  `bizValue` varchar(255) default NULL,
  `remark` varchar(255) default NULL,
  PRIMARY KEY  (`bizkey`)
) ENGINE=InnoDB DEFAULT CHARSET=utf8 COMMENT='业务数据配置';

-- ----------------------------
-- Records of b_var
-- ----------------------------
INSERT INTO `b_var` VALUES ('banchTime', '3', '新批次提醒的阈值，距离当前时间X天之内的新批号');
INSERT INTO `b_var` VALUES ('expireTime', '7', '过期提醒的阈值，距离当前时间少于X天物品');
INSERT INTO `b_var` VALUES ('expireTime1', '90', null);
INSERT INTO `b_var` VALUES ('inTime', '3', '入库后悔天数');
INSERT INTO `b_var` VALUES ('labrtype', '20', '公用耗材的rtype');
INSERT INTO `b_var` VALUES ('newinout', '3', '最近X天的出入库记录');
INSERT INTO `b_var` VALUES ('nomachinename', '所有设备', '无设备时显示的设备名称');
INSERT INTO `b_var` VALUES ('nomachineno', '-1', '无设备时的设备序号');
INSERT INTO `b_var` VALUES ('outTime', '3', '出库后悔天数');
INSERT INTO `b_var` VALUES ('stockthreshold', '10', '库存少于X件进行提醒的阈值');

-- ----------------------------
-- Table structure for `d_catcode`
-- ----------------------------
DROP TABLE IF EXISTS `d_catcode`;
CREATE TABLE `d_catcode` (
  `id` int(11) NOT NULL auto_increment COMMENT '主键',
  `catno` varchar(20) character set utf8 default NULL COMMENT '货号',
  `seq` varchar(50) character set utf8 default NULL COMMENT '编号，未来全球统一编号的预留',
  `catname` varchar(100) character set utf8 default NULL COMMENT '试剂/耗材的名称',
  `cattype` int(11) default NULL COMMENT '0-试剂,1-耗材',
  `orde` int(11) default NULL COMMENT '排序号（耗材维约定成俗的，试剂为统计表排序预留）',
  `remark` varchar(255) character set utf8 default NULL COMMENT '备注',
  `machineNo` int(11) default NULL COMMENT '所属设备ID',
  `machinename` varchar(255) character set utf8 default NULL COMMENT '所属设备名称',
  PRIMARY KEY  (`id`)
) ENGINE=InnoDB AUTO_INCREMENT=691 DEFAULT CHARSET=latin1;

-- ----------------------------
-- Records of d_catcode
-- ----------------------------
INSERT INTO `d_catcode` VALUES ('461', '11183974216', null, 'ISE Cal Low', '0', '1', null, null, 'Modular Reagent');
INSERT INTO `d_catcode` VALUES ('462', '04880455190', null, 'ISE Internal Standard', '0', '2', null, null, 'Modular Reagent');
INSERT INTO `d_catcode` VALUES ('463', '04880285190', null, 'Cell wash solution / NaOH', '0', '3', null, null, 'Modular Reagent');
INSERT INTO `d_catcode` VALUES ('464', '11970909216', null, 'ALB', '0', '4', null, null, 'Modular Reagent');
INSERT INTO `d_catcode` VALUES ('465', '11876805', null, 'ALT', '0', '5', null, null, 'Modular Reagent');
INSERT INTO `d_catcode` VALUES ('466', '11876848216', null, 'AST', '0', '6', null, null, 'Modular Reagent');
INSERT INTO `d_catcode` VALUES ('467', '11875418216', null, 'CREA Jaff', '0', '7', null, null, 'Modular Reagent');
INSERT INTO `d_catcode` VALUES ('468', '11775685216', null, 'CREA ', '0', '8', null, null, 'Modular Reagent');
INSERT INTO `d_catcode` VALUES ('469', '11876899216', null, 'GLUCOSE HK', '0', '9', null, null, 'Modular Reagent');
INSERT INTO `d_catcode` VALUES ('470', '11557335216', null, 'Saline', '0', '10', null, null, 'Modular Reagent');
INSERT INTO `d_catcode` VALUES ('471', '11822713190', null, 'T-Bil', '0', '11', null, null, 'Modular Reagent');
INSERT INTO `d_catcode` VALUES ('472', '11929917', null, 'TP', '0', '12', null, null, 'Modular Reagent');
INSERT INTO `d_catcode` VALUES ('473', '11729691216', null, 'UREA/BUN', '0', '13', null, null, 'Modular Reagent');
INSERT INTO `d_catcode` VALUES ('474', '11489828216', null, 'ISE Compensator', '0', '14', null, null, 'Modular Reagent');
INSERT INTO `d_catcode` VALUES ('475', '11489828216', null, 'ISE Compensator', '0', '15', null, null, 'Modular Reagent');
INSERT INTO `d_catcode` VALUES ('476', '11730347216', null, 'P', '0', '16', null, null, 'Modular Reagent');
INSERT INTO `d_catcode` VALUES ('477', '03121305122', null, 'CFAS PUC', '0', '17', null, null, 'Modular Reagent');
INSERT INTO `d_catcode` VALUES ('478', '03121305122', null, 'CFAS PUC', '0', '18', null, null, 'Modular Reagent');
INSERT INTO `d_catcode` VALUES ('479', '03121305122', null, 'CFAS PUC', '0', '19', null, null, 'Modular Reagent');
INSERT INTO `d_catcode` VALUES ('480', '04714423190', null, 'LDL', '0', '20', null, null, 'Modular Reagent');
INSERT INTO `d_catcode` VALUES ('481', '11555448216', null, 'Hitergent', '0', '21', null, null, 'Modular Reagent');
INSERT INTO `d_catcode` VALUES ('482', '03032639122', null, 'ApoB', '0', '22', null, null, 'Modular Reagent');
INSERT INTO `d_catcode` VALUES ('483', '03002209122', null, 'LDH', '0', '23', null, null, 'Modular Reagent');
INSERT INTO `d_catcode` VALUES ('484', '11555430216', null, 'NaOH-D / Basic wash', '0', '24', null, null, 'Modular Reagent');
INSERT INTO `d_catcode` VALUES ('485', '11555430216', null, 'NaOH-D / Basic wash', '0', '25', null, null, 'Modular Reagent');
INSERT INTO `d_catcode` VALUES ('486', '04880480190', null, 'ISE Diluent', '0', '26', null, null, 'Modular Reagent');
INSERT INTO `d_catcode` VALUES ('487', '10820652216', null, 'ISE Ref.', '0', '27', null, null, 'Modular Reagent');
INSERT INTO `d_catcode` VALUES ('488', '11183982216', null, 'ISE Cal High', '0', '28', null, null, 'Modular Reagent');
INSERT INTO `d_catcode` VALUES ('489', '11730240216', null, 'Calcium', '0', '29', null, null, 'Modular Reagent');
INSERT INTO `d_catcode` VALUES ('490', '04880307190', null, 'Acid Wash (2L)', '0', '30', null, null, 'Modular Reagent');
INSERT INTO `d_catcode` VALUES ('491', '04880307190', null, 'Acid Wash (2L)', '0', '31', null, null, 'Modular Reagent');
INSERT INTO `d_catcode` VALUES ('492', '11355279216', null, 'C.f.a.s. Proteins', '0', '32', null, null, 'Modular Reagent');
INSERT INTO `d_catcode` VALUES ('493', '11355279216', null, 'C.f.a.s. Proteins', '0', '33', null, null, 'Modular Reagent');
INSERT INTO `d_catcode` VALUES ('494', '12173107122', null, 'ALP', '0', '34', null, null, 'Modular Reagent');
INSERT INTO `d_catcode` VALUES ('495', '11730711216', null, 'TG', '0', '35', null, null, 'Modular Reagent');
INSERT INTO `d_catcode` VALUES ('496', '12132672216', null, 'CK', '0', '36', null, null, 'Modular Reagent');
INSERT INTO `d_catcode` VALUES ('497', '12016958216', null, 'GGT', '0', '37', null, null, 'Modular Reagent');
INSERT INTO `d_catcode` VALUES ('498', '11875426216', null, 'Uric Acid', '0', '38', null, null, 'Modular Reagent');
INSERT INTO `d_catcode` VALUES ('499', '11877801190', null, 'U/CSF Protein', '0', '39', null, null, 'Modular Reagent');
INSERT INTO `d_catcode` VALUES ('500', '11491458216', null, 'CHOL', '0', '40', null, null, 'Modular Reagent');
INSERT INTO `d_catcode` VALUES ('501', '11491458216', null, 'CHOL', '0', '41', null, null, 'Modular Reagent');
INSERT INTO `d_catcode` VALUES ('502', '11551353216', null, 'Mg', '0', '42', null, null, 'Modular Reagent');
INSERT INTO `d_catcode` VALUES ('503', '20751995190', null, 'AMM', '0', '43', null, null, 'Modular Reagent');
INSERT INTO `d_catcode` VALUES ('504', '11555421216', null, 'SMS/Acid Wash for MOD (12x66mL)', '0', '44', null, null, 'Modular Reagent');
INSERT INTO `d_catcode` VALUES ('505', '11821792216', null, 'Lipase', '0', '45', null, null, 'Modular Reagent');
INSERT INTO `d_catcode` VALUES ('506', '03289885190', null, 'CO2', '0', '46', null, null, 'Modular Reagent');
INSERT INTO `d_catcode` VALUES ('507', '03289885190', null, 'CO2', '0', '47', null, null, 'Modular Reagent');
INSERT INTO `d_catcode` VALUES ('508', '04713214190 ', null, 'HDL-C Plus (Gen. 3)  ', '0', '48', null, null, 'Modular Reagent');
INSERT INTO `d_catcode` VALUES ('509', '11876473316', null, 'AMY', '0', '49', null, null, 'Modular Reagent');
INSERT INTO `d_catcode` VALUES ('510', '11876562316', null, 'Amylase Pancreatic 917/P ', '0', '50', null, null, 'Modular Reagent');
INSERT INTO `d_catcode` VALUES ('511', '03576116190', null, 'Tina-quant Alpha1-Microglobulin', '0', '51', null, null, 'Modular Reagent');
INSERT INTO `d_catcode` VALUES ('512', '03121291122', null, 'Precipath PUC', '0', '52', null, null, 'Modular Reagent');
INSERT INTO `d_catcode` VALUES ('513', '11876996216', null, 'Fe', '0', '53', null, null, 'Modular Reagent');
INSERT INTO `d_catcode` VALUES ('514', '11557599316', null, 'Tina-quant Alpha-1-antitrypsin', '0', '54', null, null, 'Modular Reagent');
INSERT INTO `d_catcode` VALUES ('515', '03555941190', null, 'CFAS PAC', '0', '55', null, null, 'Modular Reagent');
INSERT INTO `d_catcode` VALUES ('516', '03555941190', null, 'CFAS PAC', '0', '56', null, null, 'Modular Reagent');
INSERT INTO `d_catcode` VALUES ('517', '11660519316', null, 'Prealbumin', '0', '57', null, null, 'Modular Reagent');
INSERT INTO `d_catcode` VALUES ('518', '11660390216', null, 'Lp (a)', '0', '58', null, null, 'Modular Reagent');
INSERT INTO `d_catcode` VALUES ('519', '11660390216', null, 'Lp (a)', '0', '59', null, null, 'Modular Reagent');
INSERT INTO `d_catcode` VALUES ('520', '03032612122', null, 'Apo A1', '0', '60', null, null, 'Modular Reagent');
INSERT INTO `d_catcode` VALUES ('521', '03015084122', null, 'Transferrin', '0', '61', null, null, 'Modular Reagent');
INSERT INTO `d_catcode` VALUES ('522', '10759350360', null, 'CFAS core, lot 16652301', '0', '62', null, null, 'Modular Reagent');
INSERT INTO `d_catcode` VALUES ('523', '12172623160', null, 'CFAS Lipids, lot 16651901', '0', '63', null, null, 'Modular Reagent');
INSERT INTO `d_catcode` VALUES ('524', '12172623160', null, 'CFAS Lipids, lot 16651901', '0', '64', null, null, 'Modular Reagent');
INSERT INTO `d_catcode` VALUES ('525', '12172623160', null, 'CFAS Lipids', '0', '65', null, null, 'Modular Reagent');
INSERT INTO `d_catcode` VALUES ('526', '04975774190', null, 'Cystatin C', '0', '66', null, null, 'Modular Reagent');
INSERT INTO `d_catcode` VALUES ('527', '04975774190', null, 'Cystatin C', '0', '67', null, null, 'Modular Reagent');
INSERT INTO `d_catcode` VALUES ('528', '04975901190', null, 'Cystatin C calibrator', '0', '68', null, null, 'Modular Reagent');
INSERT INTO `d_catcode` VALUES ('529', '04975901190', null, 'Cystatin C calibrator', '0', '69', null, null, 'Modular Reagent');
INSERT INTO `d_catcode` VALUES ('530', '04975901190', null, 'Cystatin C calibrator', '0', '70', null, null, 'Modular Reagent');
INSERT INTO `d_catcode` VALUES ('531', '04975936190', null, 'Cystatin C control', '0', '71', null, null, 'Modular Reagent');
INSERT INTO `d_catcode` VALUES ('532', '03121313122', null, 'Precinorm PUC', '0', '72', null, null, 'Modular Reagent');
INSERT INTO `d_catcode` VALUES ('533', '11972855216', null, 'hs-CRP', '0', '73', null, null, 'Modular Reagent');
INSERT INTO `d_catcode` VALUES ('534', '11098985122', null, 'Precinorm Fructosamine Control 3*1mL', '0', '74', null, null, 'Modular Reagent');
INSERT INTO `d_catcode` VALUES ('535', '11174118122', null, 'Precipath Fructosamine Control 3*1mL', '0', '75', null, null, 'Modular Reagent');
INSERT INTO `d_catcode` VALUES ('536', '11930010216', null, 'Fructosamine 408 tests', '0', '76', null, null, 'Modular Reagent');
INSERT INTO `d_catcode` VALUES ('537', '11098993122', null, 'Precimat Fructosamine Calibrator 3*1mL', '0', '77', null, null, 'Modular Reagent');
INSERT INTO `d_catcode` VALUES ('538', 'LK016.H', null, 'Roche Hitachi 911/912/917/P Modular Freelite Kappa Kit, 2*50 tests', '0', '78', null, null, 'Modular Reagent');
INSERT INTO `d_catcode` VALUES ('539', 'LK018.H', null, 'Roche Hitachi 911/912/917/P Modular Freelite Lambda Kit, 2*50 tests', '0', '79', null, null, 'Modular Reagent');
INSERT INTO `d_catcode` VALUES ('540', 'LK016.H', null, 'Roche Hitachi 911/912/917/P Modular Freelite Kappa Kit, 2*50 tests', '0', '80', null, null, 'Modular Reagent');
INSERT INTO `d_catcode` VALUES ('541', 'LK018.H', null, 'Roche Hitachi 911/912/917/P Modular Freelite Lambda Kit, 2*50 tests', '0', '81', null, null, 'Modular Reagent');
INSERT INTO `d_catcode` VALUES ('542', 'LK016.H', null, 'Roche Hitachi 911/912/917/P Modular Freelite Kappa Kit, 2*50 tests', '0', '82', null, null, 'Modular Reagent');
INSERT INTO `d_catcode` VALUES ('543', 'LK018.H', null, 'Roche Hitachi 911/912/917/P Modular Freelite Lambda Kit, 2*50 tests', '0', '83', null, null, 'Modular Reagent');
INSERT INTO `d_catcode` VALUES ('544', '279-75401', null, 'NEFA C reagent', '0', '84', null, null, 'Modular Reagent');
INSERT INTO `d_catcode` VALUES ('545', '12148331122', null, 'Preciset sTFR ', '0', '85', null, null, 'Modular Reagent');
INSERT INTO `d_catcode` VALUES ('546', '12148315122', null, 'sTFR', '0', '86', null, null, 'Modular Reagent');
INSERT INTO `d_catcode` VALUES ('547', '12148340122', null, 'sTFR control  set', '0', '87', null, null, 'Modular Reagent');
INSERT INTO `d_catcode` VALUES ('548', '11776312190', null, 'Alcohol', '0', '88', null, null, 'Modular Reagent');
INSERT INTO `d_catcode` VALUES ('549', '12172828322', null, 'Preciset RF', '0', '89', null, null, 'Modular Reagent');
INSERT INTO `d_catcode` VALUES ('550', '12172828322', null, 'Preciset RF', '0', '90', null, null, 'Modular Reagent');
INSERT INTO `d_catcode` VALUES ('551', ',03004953122', null, ' RF Ⅱ', '0', '91', null, null, 'Modular Reagent');
INSERT INTO `d_catcode` VALUES ('552', '11557629316', null, 'Haptoglobin', '0', '92', null, null, 'Modular Reagent');
INSERT INTO `d_catcode` VALUES ('553', '11557629316', null, 'Haptoglobin', '0', '93', null, null, 'Modular Reagent');
INSERT INTO `d_catcode` VALUES ('554', '2075880912', null, 'Acetaminophen Calibrator', '0', '94', null, null, 'Modular Reagent');
INSERT INTO `d_catcode` VALUES ('555', '03255379190', null, 'Acetaminophen UNIV', '0', '95', null, null, 'Modular Reagent');
INSERT INTO `d_catcode` VALUES ('556', '03255379190', null, 'Acetaminophen UNIV', '0', '96', null, null, 'Modular Reagent');
INSERT INTO `d_catcode` VALUES ('557', '04521536190', null, 'TDM Control Set', '0', '97', null, null, 'Modular Reagent');
INSERT INTO `d_catcode` VALUES ('558', '04999622190', null, 'Tina-quant albumin', '0', '98', null, null, 'Modular Reagent');
INSERT INTO `d_catcode` VALUES ('559', '04999622190', null, 'Tina-quant albumin', '0', '99', null, null, 'Modular Reagent');
INSERT INTO `d_catcode` VALUES ('560', '11660497216', null, 'Cerulopasmin', '0', '100', null, null, 'Modular Reagent');
INSERT INTO `d_catcode` VALUES ('561', '11298500316', null, 'ISE Cleaning Solution', '0', '101', null, null, 'Modular Reagent');
INSERT INTO `d_catcode` VALUES ('562', '12146401216  ', null, 'Iron Standard (Fe Standard) ', '0', '102', null, null, 'Modular Reagent');
INSERT INTO `d_catcode` VALUES ('563', '', null, 'Diluent TCH level -1 1.3ml ', '0', '103', null, null, 'Modular Reagent');
INSERT INTO `d_catcode` VALUES ('564', '2210-02', null, 'total Protein Assay System', '0', '104', null, null, 'Modular Reagent');
INSERT INTO `d_catcode` VALUES ('565', '10641600001', null, 'Halogen Lamp', '0', '105', null, null, 'Modular Reagent');
INSERT INTO `d_catcode` VALUES ('566', '11660551216', null, 'β2-M icroglobulin', '0', '106', null, null, 'Modular Reagent');
INSERT INTO `d_catcode` VALUES ('567', '04956885190', null, 'C-reactive  Protein', '0', '107', null, null, 'Modular Reagent');
INSERT INTO `d_catcode` VALUES ('568', '04956885190', null, 'C-reactive  Protein', '0', '108', null, null, 'Modular Reagent');
INSERT INTO `d_catcode` VALUES ('569', '04956885190', null, 'C-reactive  Protein', '0', '109', null, null, 'Modular Reagent');
INSERT INTO `d_catcode` VALUES ('570', '04956885190', null, 'C-reactive  Protein', '0', '110', null, null, 'Modular Reagent');
INSERT INTO `d_catcode` VALUES ('571', '03507246190', null, 'Ig A', '0', '111', null, null, 'Modular Reagent');
INSERT INTO `d_catcode` VALUES ('572', '03507378190', null, 'Ig G', '0', '112', null, null, 'Modular Reagent');
INSERT INTO `d_catcode` VALUES ('573', '03507041190', null, 'Ig M', '0', '113', null, null, 'Modular Reagent');
INSERT INTO `d_catcode` VALUES ('574', '121349443122', null, 'precipath U plus', '0', '114', null, null, 'Modular Reagent');
INSERT INTO `d_catcode` VALUES ('575', '12149435122', null, 'Precinorm U Plus', '0', '115', null, null, 'Modular Reagent');
INSERT INTO `d_catcode` VALUES ('576', '12146398216 ', null, 'UIBC 917/P ', '0', '116', null, null, 'Modular Reagent');
INSERT INTO `d_catcode` VALUES ('577', '12217716001', null, 'D-Bil', '0', '117', null, null, 'Modular Reagent');
INSERT INTO `d_catcode` VALUES ('578', '05589037190', null, 'Bilirubin Direct', '0', '118', null, null, 'Modular Reagent');
INSERT INTO `d_catcode` VALUES ('579', '1290008', null, 'NAG/Creatinine High control', '0', '119', null, null, 'Modular Reagent');
INSERT INTO `d_catcode` VALUES ('580', '1290009', null, 'NAG/Creatinine Medium control', '0', '120', null, null, 'Modular Reagent');
INSERT INTO `d_catcode` VALUES ('581', '1290010', null, 'NAG/Creatinine Low control', '0', '121', null, null, 'Modular Reagent');
INSERT INTO `d_catcode` VALUES ('582', '1290008', null, 'NAG/Creatinine High control', '0', '122', null, null, 'Modular Reagent');
INSERT INTO `d_catcode` VALUES ('583', '1290009', null, 'NAG/Creatinine Medium control', '0', '123', null, null, 'Modular Reagent');
INSERT INTO `d_catcode` VALUES ('584', '1290010', null, 'NAG/Creatinine Low control', '0', '124', null, null, 'Modular Reagent');
INSERT INTO `d_catcode` VALUES ('585', 'QQ010205', null, 'Ra a Hu Alpha-2 -Macrolobulin', '0', '125', null, null, 'Modular Reagent');
INSERT INTO `d_catcode` VALUES ('586', 'S2005', null, 'Buffer 1', '0', '126', null, null, 'Modular Reagent');
INSERT INTO `d_catcode` VALUES ('587', 'S200630', null, 'Buffer 3', '0', '127', null, null, 'Modular Reagent');
INSERT INTO `d_catcode` VALUES ('588', 'x090801', null, 'human serum protein calibration ', '0', '128', null, null, 'Modular Reagent');
INSERT INTO `d_catcode` VALUES ('589', 'x093901', null, 'human serum protein low control ', '0', '129', null, null, 'Modular Reagent');
INSERT INTO `d_catcode` VALUES ('590', 'x0940', null, 'human serum protein high control ', '0', '130', null, null, 'Modular Reagent');
INSERT INTO `d_catcode` VALUES ('591', '11875051216', null, 'Tina-quant C4c', '0', '131', null, null, 'Modular Reagent');
INSERT INTO `d_catcode` VALUES ('592', '11875078216', null, 'Tina-quant C3c', '0', '132', null, null, 'Modular Reagent');
INSERT INTO `d_catcode` VALUES ('593', '04498666190', null, 'Cholinesterase-1160 test', '0', '133', null, null, 'Modular Reagent');
INSERT INTO `d_catcode` VALUES ('594', '04498666190', null, 'Cholinesterase-1160 test', '0', '134', null, null, 'Modular Reagent');
INSERT INTO `d_catcode` VALUES ('595', '04498666190', null, 'CHE2', '0', '135', null, null, 'Modular Reagent');
INSERT INTO `d_catcode` VALUES ('596', '05061458190', null, 'CA2  R2', '0', '136', null, null, 'Modular Reagent');
INSERT INTO `d_catcode` VALUES ('597', '05061431190', null, 'CA2  R1', '0', '137', null, null, 'Modular Reagent');
INSERT INTO `d_catcode` VALUES ('598', '05061458190', null, 'CA2  R2', '0', '138', null, null, 'Modular Reagent');
INSERT INTO `d_catcode` VALUES ('599', '05061431190', null, 'CA2  R1', '0', '139', null, null, 'Modular Reagent');
INSERT INTO `d_catcode` VALUES ('600', '05061458190', null, 'CA2  R2', '0', '140', null, null, 'Modular Reagent');
INSERT INTO `d_catcode` VALUES ('601', '05061431190', null, 'CA2  R1', '0', '141', null, null, 'Modular Reagent');
INSERT INTO `d_catcode` VALUES ('602', '05061458190', null, 'CA2  R2', '0', '142', null, null, 'Modular Reagent');
INSERT INTO `d_catcode` VALUES ('603', '05061431190', null, 'CA2  R1', '0', '143', null, null, 'Modular Reagent');
INSERT INTO `d_catcode` VALUES ('604', '', null, 'shipping cost for CA2', '0', '144', null, null, 'Modular Reagent');
INSERT INTO `d_catcode` VALUES ('605', '', null, 'NGSP Certification Qc Material20ml', '0', '145', null, null, 'Modular Reagent');
INSERT INTO `d_catcode` VALUES ('606', '', null, 'NGSP QuarterlyMonitoring Qc Material 40ml', '0', '146', null, null, 'Modular Reagent');
INSERT INTO `d_catcode` VALUES ('607', '466-26201', null, 'NEFA C Control SERA I', '0', '147', null, null, 'Modular Reagent');
INSERT INTO `d_catcode` VALUES ('608', '462-26301', null, 'NEFA C Control SERA II', '0', '148', null, null, 'Modular Reagent');
INSERT INTO `d_catcode` VALUES ('609', '10825468001', null, 'Sodium Electrode', '0', '149', null, null, 'Modular Reagent');
INSERT INTO `d_catcode` VALUES ('610', '10825441001', null, 'potassium Electrode', '0', '150', null, null, 'Modular Reagent');
INSERT INTO `d_catcode` VALUES ('611', '03149501001', null, 'reference Eliectrode', '0', '151', null, null, 'Modular Reagent');
INSERT INTO `d_catcode` VALUES ('612', '03246353001', null, 'chloride Electrode', '0', '152', null, null, 'Modular Reagent');
INSERT INTO `d_catcode` VALUES ('613', '', null, 'Solomon Park Calibrator', '0', '153', null, null, 'Modular Reagent');
INSERT INTO `d_catcode` VALUES ('614', '11800507001', null, 'Clean- liner Elessys', '0', '154', null, null, 'Modular Reagent');
INSERT INTO `d_catcode` VALUES ('615', '594', null, 'Liquichek Immunology Control Level 1(6x3ml)', '0', '157', null, null, 'Bio-rad Controls for Modular');
INSERT INTO `d_catcode` VALUES ('616', '595', null, 'Liquichek Immunology Control Level 2(6x3ml)', '0', '158', null, null, 'Bio-rad Controls for Modular');
INSERT INTO `d_catcode` VALUES ('617', '596', null, 'Liquichek Immunology Control Level 3(6x3ml)', '0', '159', null, null, 'Bio-rad Controls for Modular');
INSERT INTO `d_catcode` VALUES ('618', '594', null, 'Liquichek Immunology Control Level 1(6x3ml)', '0', '160', null, null, 'Bio-rad Controls for Modular');
INSERT INTO `d_catcode` VALUES ('619', '595', null, 'Liquichek Immunology Control Level 2(6x3ml)', '0', '161', null, null, 'Bio-rad Controls for Modular');
INSERT INTO `d_catcode` VALUES ('620', '596', null, 'Liquichek Immunology Control Level 3(6x3ml)', '0', '162', null, null, 'Bio-rad Controls for Modular');
INSERT INTO `d_catcode` VALUES ('621', '594', null, 'Liquichek Immunology Control Level 1(6x3ml)', '0', '163', null, null, 'Bio-rad Controls for Modular');
INSERT INTO `d_catcode` VALUES ('622', '595', null, 'Liquichek Immunology Control Level 2(6x3ml)', '0', '164', null, null, 'Bio-rad Controls for Modular');
INSERT INTO `d_catcode` VALUES ('623', '596', null, 'Liquichek Immunology Control Level 3(6x3ml)', '0', '165', null, null, 'Bio-rad Controls for Modular');
INSERT INTO `d_catcode` VALUES ('624', '594', null, 'Liquichek Immunology Control Level 1(6x3ml)', '0', '166', null, null, 'Bio-rad Controls for Modular');
INSERT INTO `d_catcode` VALUES ('625', '595', null, 'Liquichek Immunology Control Level 2(6x3ml)', '0', '167', null, null, 'Bio-rad Controls for Modular');
INSERT INTO `d_catcode` VALUES ('626', '596', null, 'Liquichek Immunology Control Level 3(6x3ml)', '0', '168', null, null, 'Bio-rad Controls for Modular');
INSERT INTO `d_catcode` VALUES ('627', '594', null, 'Liquichek Immunology Control Level 1(6x3ml)', '0', '169', null, null, 'Bio-rad Controls for Modular');
INSERT INTO `d_catcode` VALUES ('628', '595', null, 'Liquichek Immunology Control Level 2(6x3ml)', '0', '170', null, null, 'Bio-rad Controls for Modular');
INSERT INTO `d_catcode` VALUES ('629', '596', null, 'Liquichek Immunology Control Level 3(6x3ml)', '0', '171', null, null, 'Bio-rad Controls for Modular');
INSERT INTO `d_catcode` VALUES ('630', '594', null, 'Liquichek Immunology Control Level 1(6x3ml)', '0', '172', null, null, 'Bio-rad Controls for Modular');
INSERT INTO `d_catcode` VALUES ('631', '595', null, 'Liquichek Immunology Control Level 2(6x3ml)', '0', '173', null, null, 'Bio-rad Controls for Modular');
INSERT INTO `d_catcode` VALUES ('632', '596', null, 'Liquichek Immunology Control Level 3(6x3ml)', '0', '174', null, null, 'Bio-rad Controls for Modular');
INSERT INTO `d_catcode` VALUES ('633', '641', null, 'Liquichek Lipids Control Level 1', '0', '175', null, null, 'Bio-rad Controls for Modular');
INSERT INTO `d_catcode` VALUES ('634', '642', null, 'Liquichek Lipids Control Level 2', '0', '176', null, null, 'Bio-rad Controls for Modular');
INSERT INTO `d_catcode` VALUES ('635', '641', null, 'Liquichek Lipids Control Level 1', '0', '177', null, null, 'Bio-rad Controls for Modular');
INSERT INTO `d_catcode` VALUES ('636', '642', null, 'Liquichek Lipids Control Level 2', '0', '178', null, null, 'Bio-rad Controls for Modular');
INSERT INTO `d_catcode` VALUES ('637', '288', null, 'Bio-Rad Homocysteine Control Level 1', '0', '179', null, null, 'Bio-rad Controls for Modular');
INSERT INTO `d_catcode` VALUES ('638', '289', null, 'Bio-Rad Homocysteine Control Level 2', '0', '180', null, null, 'Bio-rad Controls for Modular');
INSERT INTO `d_catcode` VALUES ('639', '03141071190', null, 'total P1NP', '0', '184', null, null, 'E411');
INSERT INTO `d_catcode` VALUES ('640', '03141080190', null, 'total P1NP Calset', '0', '185', null, null, 'E411');
INSERT INTO `d_catcode` VALUES ('641', '03183971122', null, 'Elecsys diluent universal ', '0', '186', null, null, 'E411');
INSERT INTO `d_catcode` VALUES ('642', '03183971122', null, 'Elecsys diluent universal ', '0', '187', null, null, 'E411');
INSERT INTO `d_catcode` VALUES ('643', '03183971122', null, 'Elecsys diluent universal ', '0', '188', null, null, 'E411');
INSERT INTO `d_catcode` VALUES ('644', '11972308122', null, 'CTx', '0', '189', null, null, 'E411');
INSERT INTO `d_catcode` VALUES ('645', '11972308122', null, 'CTx', '0', '190', null, null, 'E411');
INSERT INTO `d_catcode` VALUES ('646', '11972316122', null, 'CTx Calset', '0', '191', null, null, 'E411');
INSERT INTO `d_catcode` VALUES ('647', '11706802001', null, 'Assay cup Elecsys 2010', '0', '192', null, null, 'E411');
INSERT INTO `d_catcode` VALUES ('648', '11706802001', null, 'Assay cup Elecsys 2010', '0', '193', null, null, 'E411');
INSERT INTO `d_catcode` VALUES ('649', '11662970122', null, 'Clean-cell Elecsys K', '0', '194', null, null, 'E411');
INSERT INTO `d_catcode` VALUES ('650', '11662970122', null, 'Clean-cell Elecsys K', '0', '195', null, null, 'E411');
INSERT INTO `d_catcode` VALUES ('651', '11662988122', null, 'ProCell', '0', '196', null, null, 'E411');
INSERT INTO `d_catcode` VALUES ('652', '11662988122', null, 'ProCell', '0', '197', null, null, 'E411');
INSERT INTO `d_catcode` VALUES ('653', '1156813200', null, 'Reaction cell ', '0', '198', null, null, 'E411');
INSERT INTO `d_catcode` VALUES ('654', '1156813200', null, 'Reaction cell ', '0', '199', null, null, 'E411');
INSERT INTO `d_catcode` VALUES ('655', '‘04687876190', null, 'PreciControl HBsAg II', '0', '200', null, null, 'E411');
INSERT INTO `d_catcode` VALUES ('656', '11731416190', null, 'Precicontrol Universal', '0', '201', null, null, 'E411');
INSERT INTO `d_catcode` VALUES ('657', '11731416190', null, 'Precicontrol Universal', '0', '202', null, null, 'E411');
INSERT INTO `d_catcode` VALUES ('658', '11662988122', null, 'Elecsys Procell', '0', '203', null, null, 'E411');
INSERT INTO `d_catcode` VALUES ('659', '11820583122', null, 'Elecsys HBeAg', '0', '204', null, null, 'E411');
INSERT INTO `d_catcode` VALUES ('660', '03609987190', null, 'Diluent MultiAssay', '0', '205', null, null, 'E411');
INSERT INTO `d_catcode` VALUES ('661', '03609987190', null, 'Diluent MultiAssay', '0', '206', null, null, 'E411');
INSERT INTO `d_catcode` VALUES ('662', '05957435190', null, 'HBs Ag II quant', '0', '207', null, null, 'E411');
INSERT INTO `d_catcode` VALUES ('663', '05390095190', null, 'HIV combi PT', '0', '208', null, null, 'E411');
INSERT INTO `d_catcode` VALUES ('664', '05162645190', null, ' Preci Control HIV ', '0', '209', null, null, 'E411');
INSERT INTO `d_catcode` VALUES ('665', '11706799001', null, 'Assay tip Elecsys 2010', '0', '210', null, null, 'E411');
INSERT INTO `d_catcode` VALUES ('666', '11876376122', null, 'preci control HBeAg Elecsys', '0', '211', null, null, 'E411');
INSERT INTO `d_catcode` VALUES ('667', '11876376122', null, 'preci control HBeAg Elecsys', '0', '212', null, null, 'E411');
INSERT INTO `d_catcode` VALUES ('668', '', null, 'diluent（Plasma）', '0', '213', null, null, 'E411');
INSERT INTO `d_catcode` VALUES ('669', '03000079190', null, 'Estradiol Ⅱ', '0', '214', null, null, 'E411');
INSERT INTO `d_catcode` VALUES ('670', '03064921122', null, 'Estradiol ⅡCalset Ⅱ', '0', '215', null, null, 'E411');
INSERT INTO `d_catcode` VALUES ('671', '11820613122', null, 'Anti-Hbe', '0', '216', null, null, 'E411');
INSERT INTO `d_catcode` VALUES ('672', '11820524122', null, 'Anti-HBs', '0', '217', null, null, 'E411');
INSERT INTO `d_catcode` VALUES ('673', '11876317122', null, 'PreciControl Anti-HBs', '0', '218', null, null, 'E411');
INSERT INTO `d_catcode` VALUES ('674', '11876384122', null, 'PreciControl Anti-Hbe', '0', '219', null, null, 'E411');
INSERT INTO `d_catcode` VALUES ('675', '05095107190', null, 'PreciControl Troponin', '0', '220', null, null, 'E411');
INSERT INTO `d_catcode` VALUES ('676', '05092744190', null, 'Troponin T hs ', '0', '221', null, null, 'E411');
INSERT INTO `d_catcode` VALUES ('677', '05092752190', null, 'Troponin T hs Calset ', '0', '222', null, null, 'E411');
INSERT INTO `d_catcode` VALUES ('678', '1.1820567122E10', null, 'Anti-HBc IgM', '0', '223', null, null, 'E411');
INSERT INTO `d_catcode` VALUES ('679', '1.1820567122E10', null, 'Anti-HBc IgM', '0', '224', null, null, 'E411');
INSERT INTO `d_catcode` VALUES ('680', '1.1820559122E10', null, 'Anti-HBc ', '0', '225', null, null, 'E411');
INSERT INTO `d_catcode` VALUES ('681', '1.1820559122E10', null, 'Anti-HBc ', '0', '226', null, null, 'E411');
INSERT INTO `d_catcode` VALUES ('682', '4.68778719E9', null, 'HBsAg II', '0', '227', null, null, 'E411');
INSERT INTO `d_catcode` VALUES ('683', '4.68778719E9', null, 'HBsAg II', '0', '228', null, null, 'E411');
INSERT INTO `d_catcode` VALUES ('684', '1.1876325122E10', null, 'PreciControl Anti- HBc', '0', '229', null, null, 'E411');
INSERT INTO `d_catcode` VALUES ('685', '1.1876325122E10', null, 'PreciControl Anti- HBc', '0', '230', null, null, 'E411');
INSERT INTO `d_catcode` VALUES ('686', '4687876190', null, 'PreciControl HBsAg II', '0', '231', null, null, 'E411');
INSERT INTO `d_catcode` VALUES ('687', '1.1876333122E10', null, 'PreciControl Anti-HBc IgM', '0', '232', null, null, 'E411');
INSERT INTO `d_catcode` VALUES ('688', '1.1876333122E10', null, 'PreciControl Anti-HBc IgM', '0', '233', null, null, 'E411');
INSERT INTO `d_catcode` VALUES ('689', '11930346122', null, 'Sys Wash Elecsys', '0', '234', null, null, 'E411');
INSERT INTO `d_catcode` VALUES ('690', '05618860190', null, 'PreciControl Uaria', '0', '235', null, null, 'E411');

-- ----------------------------
-- Table structure for `d_code`
-- ----------------------------
DROP TABLE IF EXISTS `d_code`;
CREATE TABLE `d_code` (
  `codetype` varchar(50) NOT NULL COMMENT '码表类目',
  `code` varchar(10) NOT NULL COMMENT '码表编码',
  `codename` varchar(255) default NULL COMMENT '名称',
  `codealias` varchar(50) default NULL COMMENT '名称别名',
  PRIMARY KEY  (`codetype`,`code`)
) ENGINE=InnoDB DEFAULT CHARSET=utf8;

-- ----------------------------
-- Records of d_code
-- ----------------------------
INSERT INTO `d_code` VALUES ('bool', '0', '否', null);
INSERT INTO `d_code` VALUES ('bool', '1', '是', null);
INSERT INTO `d_code` VALUES ('catfrom', '0', 'local', null);
INSERT INTO `d_code` VALUES ('catfrom', '1', 'oversea', null);
INSERT INTO `d_code` VALUES ('cattype', '0', '试剂', null);
INSERT INTO `d_code` VALUES ('cattype', '1', '耗材', null);
INSERT INTO `d_code` VALUES ('inreason', '0', 'From Vendor', null);
INSERT INTO `d_code` VALUES ('inreason', '1', 'From InterLab', null);
INSERT INTO `d_code` VALUES ('inreason', '2', 'From Sponsor', null);
INSERT INTO `d_code` VALUES ('inreason', '3', 'Other Charges', null);
INSERT INTO `d_code` VALUES ('money', '0', 'CNY', '人民币');
INSERT INTO `d_code` VALUES ('money', '1', 'USD', '美元');
INSERT INTO `d_code` VALUES ('money', '2', 'SGD', '新元');
INSERT INTO `d_code` VALUES ('money', '3', 'EUR', '欧元');
INSERT INTO `d_code` VALUES ('money', '4', 'GBP', '英镑');
INSERT INTO `d_code` VALUES ('outreason', '0', 'Trial Test', null);
INSERT INTO `d_code` VALUES ('outreason', '1', 'Validation', null);
INSERT INTO `d_code` VALUES ('outreason', '2', 'Discard', null);
INSERT INTO `d_code` VALUES ('outreason', '3', 'To IntelLab', null);
INSERT INTO `d_code` VALUES ('outreason', '4', 'To Site/Sponsor', null);
INSERT INTO `d_code` VALUES ('outreason', '5', 'Othre Cost', null);
INSERT INTO `d_code` VALUES ('role', '0', '普通用户', null);
INSERT INTO `d_code` VALUES ('role', '1', '高级用户', null);
INSERT INTO `d_code` VALUES ('rootcause', '1', '1.Global sequestered harmonized lots', null);
INSERT INTO `d_code` VALUES ('rootcause', '2', '2.Reflex testing/ Low volume tests', null);
INSERT INTO `d_code` VALUES ('rootcause', '3', '3.Study cancellation', null);
INSERT INTO `d_code` VALUES ('rootcause', '4', '4.Change in study timeline (study starts late or end early) or sample volume', null);
INSERT INTO `d_code` VALUES ('rootcause', '5', '5.Validation (including change in testing requirements)', null);
INSERT INTO `d_code` VALUES ('rootcause', '6', '6.Incorrect reagent forecast (over-estimate) or order error', null);
INSERT INTO `d_code` VALUES ('rootcause', '7', '7.Lot-to-Lot verification or failure.', null);
INSERT INTO `d_code` VALUES ('rtype', '1', 'R1', null);
INSERT INTO `d_code` VALUES ('rtype', '10', 'R10', null);
INSERT INTO `d_code` VALUES ('rtype', '11', 'CTM', 'CTM Suppliers_DTW');
INSERT INTO `d_code` VALUES ('rtype', '2', 'R2', null);
INSERT INTO `d_code` VALUES ('rtype', '20', 'Lab', 'Lab_Gen_Supplier');
INSERT INTO `d_code` VALUES ('rtype', '3', 'R3', null);
INSERT INTO `d_code` VALUES ('rtype', '4', 'R4', null);
INSERT INTO `d_code` VALUES ('rtype', '5', 'R5', null);
INSERT INTO `d_code` VALUES ('rtype', '6', 'R6', null);
INSERT INTO `d_code` VALUES ('rtype', '7', 'R7', null);
INSERT INTO `d_code` VALUES ('rtype', '8', 'R8', null);
INSERT INTO `d_code` VALUES ('rtype', '9', 'R9', null);
INSERT INTO `d_code` VALUES ('sections', '1', 'Anatomic Pathology', null);
INSERT INTO `d_code` VALUES ('sections', '10', 'LCMSMS', null);
INSERT INTO `d_code` VALUES ('sections', '11', 'Liaison', null);
INSERT INTO `d_code` VALUES ('sections', '12', 'Microbiology', null);
INSERT INTO `d_code` VALUES ('sections', '13', 'Mod P', null);
INSERT INTO `d_code` VALUES ('sections', '14', 'Others', null);
INSERT INTO `d_code` VALUES ('sections', '15', 'PCR', null);
INSERT INTO `d_code` VALUES ('sections', '16', 'Phadia', null);
INSERT INTO `d_code` VALUES ('sections', '17', 'Urinalysis', null);
INSERT INTO `d_code` VALUES ('sections', '2', 'Centaur', null);
INSERT INTO `d_code` VALUES ('sections', '3', 'Coagulation', null);
INSERT INTO `d_code` VALUES ('sections', '4', 'DNA/ PBMC', null);
INSERT INTO `d_code` VALUES ('sections', '5', 'E411', null);
INSERT INTO `d_code` VALUES ('sections', '6', 'ELISA', null);
INSERT INTO `d_code` VALUES ('sections', '7', 'Flow CytometryFlow Cytometry', null);
INSERT INTO `d_code` VALUES ('sections', '8', 'Hematology', null);
INSERT INTO `d_code` VALUES ('sections', '9', 'Immulite', null);
INSERT INTO `d_code` VALUES ('sex', '0', '女', null);
INSERT INTO `d_code` VALUES ('sex', '1', '男', null);

-- ----------------------------
-- Table structure for `d_codetype`
-- ----------------------------
DROP TABLE IF EXISTS `d_codetype`;
CREATE TABLE `d_codetype` (
  `codetype` varchar(50) NOT NULL,
  `name` varchar(20) default NULL,
  `remark` varchar(100) default NULL,
  PRIMARY KEY  (`codetype`)
) ENGINE=MyISAM DEFAULT CHARSET=utf8 COMMENT='码表汇总';

-- ----------------------------
-- Records of d_codetype
-- ----------------------------
INSERT INTO `d_codetype` VALUES ('money', '货币', null);
INSERT INTO `d_codetype` VALUES ('role', '角色', null);
INSERT INTO `d_codetype` VALUES ('sex', '性别', null);
INSERT INTO `d_codetype` VALUES ('inreason', '入库原因', null);
INSERT INTO `d_codetype` VALUES ('outreason', '出库原因', null);
INSERT INTO `d_codetype` VALUES ('bool', '是否', null);
INSERT INTO `d_codetype` VALUES ('catfrom', '来源', '国内或者国外');
INSERT INTO `d_codetype` VALUES ('cattype', '物品类型', '试剂或耗材');
INSERT INTO `d_codetype` VALUES ('rtype', 'R分组', null);
INSERT INTO `d_codetype` VALUES ('rootcause', 'Discard的rootcause', '由于Discard原因出库时的进行root cause的枚举选择');
INSERT INTO `d_codetype` VALUES ('sections', 'Discard的Sections', '由于Discard原因出库时填写的sections / instruments');

-- ----------------------------
-- Table structure for `d_dept`
-- ----------------------------
DROP TABLE IF EXISTS `d_dept`;
CREATE TABLE `d_dept` (
  `id` int(11) NOT NULL,
  `code` varchar(20) default NULL,
  `name` varchar(100) default NULL,
  `shortname` varchar(50) default NULL,
  `alias` varchar(100) default NULL,
  `grade` varchar(5) default NULL COMMENT '0-总部,1-区域公司,2-国家总公司,3-部门,4-小组,5-临时机构',
  `parent` int(11) default NULL,
  `adress` varchar(200) default NULL,
  PRIMARY KEY  (`id`)
) ENGINE=InnoDB DEFAULT CHARSET=utf8;

-- ----------------------------
-- Records of d_dept
-- ----------------------------

-- ----------------------------
-- Table structure for `d_rate`
-- ----------------------------
DROP TABLE IF EXISTS `d_rate`;
CREATE TABLE `d_rate` (
  `id` int(11) NOT NULL auto_increment,
  `localMoney` varchar(255) NOT NULL COMMENT '本币,d_code中codetype=''mondy''的code',
  `localMoneyName` varchar(255) default NULL COMMENT '本币名称，本币,d_code中codetype=''mondy''的codename',
  `foreignMoney` varchar(255) NOT NULL COMMENT '外币编号,d_code中codetype=''mondy''的code',
  `foreignMoneyName` varchar(255) default NULL COMMENT '外币名称,d_code中codetype=''mondy''的codename',
  `rate` decimal(10,6) NOT NULL COMMENT '汇率',
  `startDateTime` datetime default NULL COMMENT '汇率开始执行时间',
  `operator` varchar(255) default NULL COMMENT '操作者',
  `maketime` datetime default NULL COMMENT '数据创建时间',
  `modifytime` datetime default NULL COMMENT '数据修改时间',
  PRIMARY KEY  (`id`)
) ENGINE=InnoDB AUTO_INCREMENT=6 DEFAULT CHARSET=utf8;

-- ----------------------------
-- Records of d_rate
-- ----------------------------
INSERT INTO `d_rate` VALUES ('1', '0', 'CNY', '0', 'CNY', '1.000000', '2015-03-05 00:00:00', '001', '2014-09-03 13:33:04', '2015-03-05 22:11:13');
INSERT INTO `d_rate` VALUES ('2', '0', 'CNY', '1', 'USD', '0.162100', '2015-03-05 00:00:00', '001', '2014-09-03 13:33:04', '2015-03-05 22:09:56');
INSERT INTO `d_rate` VALUES ('3', '0', 'CNY', '2', 'SGD', '0.202019', '2015-03-05 00:00:00', '001', '2014-09-03 13:33:04', '2015-03-05 22:10:16');
INSERT INTO `d_rate` VALUES ('4', '0', 'CNY', '3', 'EUR', '0.121042', '2015-03-05 00:00:00', '001', '2014-09-03 13:33:04', '2015-03-05 22:10:31');
INSERT INTO `d_rate` VALUES ('5', '0', 'CNY', '4', 'GBP', '0.095934', '2015-03-05 00:00:00', '001', '2014-09-03 13:33:04', '2015-03-05 22:10:48');

-- ----------------------------
-- Table structure for `d_task`
-- ----------------------------
DROP TABLE IF EXISTS `d_task`;
CREATE TABLE `d_task` (
  `id` int(11) NOT NULL auto_increment,
  `Code` varchar(255) NOT NULL COMMENT '任务编号',
  `Name` varchar(255) default NULL COMMENT '任务名称',
  `Flag` varchar(255) default NULL COMMENT '运行标识,代表月份',
  `TaskClass` varchar(255) default NULL COMMENT '任务运行类',
  `runPoint` int(11) default NULL COMMENT '运行时点，结合flag。eg flag=D,runPoint=26,即每月26日跑',
  `runType` varchar(50) default NULL COMMENT '运行类型 Y-年,M-月,D-天,H-小时',
  `runTime` time default NULL COMMENT '运行具体时点',
  `startDateTime` datetime default NULL COMMENT '开始运行时间，如果需要在一个时间段运行，则此字段存在',
  `endDateTime` datetime default NULL COMMENT '结束运行时间，如果一段时间之后停止执行，则需要配此字段',
  PRIMARY KEY  (`id`)
) ENGINE=InnoDB AUTO_INCREMENT=14 DEFAULT CHARSET=utf8;

-- ----------------------------
-- Records of d_task
-- ----------------------------
INSERT INTO `d_task` VALUES ('1', 'daytask', '每日定时任务', '', null, '0', 'H', '20:25:00', '2014-09-14 00:00:00', '2099-09-03 13:20:58');
INSERT INTO `d_task` VALUES ('2', 'monthtask', '每月定时任务1月份', '1', null, '26', 'M', '00:00:00', null, null);
INSERT INTO `d_task` VALUES ('3', 'monthtask', '每月定时任务2月份', '2', null, '26', 'M', '00:00:00', null, null);
INSERT INTO `d_task` VALUES ('4', 'monthtask', '每月定时任务3月份', '3', null, '26', 'M', '00:00:00', null, null);
INSERT INTO `d_task` VALUES ('5', 'monthtask', '每月定时任务4月份', '4', null, '26', 'M', '00:00:00', null, null);
INSERT INTO `d_task` VALUES ('6', 'monthtask', '每月定时任务5月份', '5', null, '26', 'M', '00:00:00', null, null);
INSERT INTO `d_task` VALUES ('7', 'monthtask', '每月定时任务6月份', '6', null, '26', 'M', '00:00:00', null, null);
INSERT INTO `d_task` VALUES ('8', 'monthtask', '每月定时任务7月份', '7', null, '26', 'M', '00:00:00', null, null);
INSERT INTO `d_task` VALUES ('9', 'monthtask', '每月定时任务8月份', '8', null, '26', 'M', '00:00:00', null, null);
INSERT INTO `d_task` VALUES ('10', 'monthtask', '每月定时任务9月份', '9', null, '26', 'M', '00:00:00', null, null);
INSERT INTO `d_task` VALUES ('11', 'monthtask', '每月定时任务10月份', '10', null, '30', 'M', '00:00:00', null, null);
INSERT INTO `d_task` VALUES ('12', 'monthtask', '每月定时任务11月份', '11', null, '26', 'M', '00:00:00', null, null);
INSERT INTO `d_task` VALUES ('13', 'monthtask', '每月定时任务12月份', '12', null, '26', 'M', '00:00:00', null, null);

-- ----------------------------
-- Table structure for `d_user`
-- ----------------------------
DROP TABLE IF EXISTS `d_user`;
CREATE TABLE `d_user` (
  `id` int(11) NOT NULL auto_increment,
  `userid` varchar(20) default NULL,
  `name` varchar(100) NOT NULL default '',
  `ename` varchar(255) default NULL,
  `nickname` varchar(100) default NULL,
  `password` varchar(100) NOT NULL,
  `role` int(2) default NULL,
  `sex` int(2) default NULL,
  `dept` int(11) default NULL,
  `remark` varchar(200) default NULL,
  `birthday` varchar(255) default NULL,
  PRIMARY KEY  (`id`)
) ENGINE=MyISAM AUTO_INCREMENT=8 DEFAULT CHARSET=utf8;

-- ----------------------------
-- Records of d_user
-- ----------------------------
INSERT INTO `d_user` VALUES ('1', 'a11111', 'name', '1', '1', '1', '1', '1', null, 'dddd', null);
INSERT INTO `d_user` VALUES ('2', '11', '111', null, '1111', '1234', '1', '1', null, '111111', null);
INSERT INTO `d_user` VALUES ('4', '2222', '张三', null, '三', '1', '0', '0', null, '发的', null);
INSERT INTO `d_user` VALUES ('5', '444', '李四', null, '四儿', '1', '0', '0', null, '所属省', null);
INSERT INTO `d_user` VALUES ('6', '444', '王五', null, '乌尔', '1', '1', '1', null, '辅导费', null);
INSERT INTO `d_user` VALUES ('7', null, '2', null, '2', '8888', '0', '0', null, '', null);

-- ----------------------------
-- Table structure for `d_var`
-- ----------------------------
DROP TABLE IF EXISTS `d_var`;
CREATE TABLE `d_var` (
  `syskey` varchar(20) NOT NULL,
  `sysvalue` varchar(255) default NULL,
  `remark` varchar(255) default NULL,
  PRIMARY KEY  (`syskey`)
) ENGINE=InnoDB DEFAULT CHARSET=utf8 COMMENT='系统数据配置';

-- ----------------------------
-- Records of d_var
-- ----------------------------
INSERT INTO `d_var` VALUES ('localmoney', '0', '本币为CNY人民币');
INSERT INTO `d_var` VALUES ('reportname', 'Inventory listing {yyyy-MM}.xls', '报表文件名称');
INSERT INTO `d_var` VALUES ('reportpath', '\\reports\\', '报表保存路径');
INSERT INTO `d_var` VALUES ('taskserverip', '127.0.0.1', '任务服务器，多台服务器集群使用');

-- ----------------------------
-- View structure for `r_in_view`
-- ----------------------------
DROP VIEW IF EXISTS `r_in_view`;
CREATE ALGORITHM=UNDEFINED DEFINER=`root`@`localhost` SQL SECURITY DEFINER VIEW `r_in_view` AS select `b`.`id` AS `catid`,(case when (`a`.`reason` = _utf8'0') then `a`.`num` else 0 end) AS `inVendor`,(case when (`a`.`reason` = _utf8'1') then `a`.`num` else 0 end) AS `inInterlab`,(case when (`a`.`reason` = _utf8'2') then `a`.`num` else 0 end) AS `inSponsor`,(case when (`a`.`reason` = _utf8'3') then `a`.`num` else 0 end) AS `inCharges`,`a`.`inDate` AS `indate` from (`b_in` `a` join `b_cat` `b`) where ((`a`.`catno` = `b`.`catno`) and (`a`.`batchNo` = `b`.`batchno`) and (`a`.`price` = `b`.`price`)) ;

-- ----------------------------
-- View structure for `r_out_view`
-- ----------------------------
DROP VIEW IF EXISTS `r_out_view`;
CREATE ALGORITHM=UNDEFINED DEFINER=`root`@`localhost` SQL SECURITY DEFINER VIEW `r_out_view` AS select `b`.`id` AS `catid`,(case when (`a`.`reason` = _utf8'0') then `a`.`num` else 0 end) AS `outTrialTest`,(case when (`a`.`reason` = _utf8'1') then `a`.`num` else 0 end) AS `outValidation`,(case when (`a`.`reason` = _utf8'2') then `a`.`num` else 0 end) AS `outDiscard`,(case when (`a`.`reason` = _utf8'3') then `a`.`num` else 0 end) AS `outIntelLab`,(case when (`a`.`reason` = _utf8'4') then `a`.`num` else 0 end) AS `outSponsor`,(case when (`a`.`reason` = _utf8'5') then `a`.`num` else 0 end) AS `outOther`,`a`.`outDate` AS `outdate` from (`b_out` `a` join `b_cat` `b`) where ((`a`.`catno` = `b`.`catno`) and (`a`.`batchno` = `b`.`batchno`) and (`a`.`price` = `b`.`price`)) ;

-- ----------------------------
-- View structure for `r_price_view`
-- ----------------------------
DROP VIEW IF EXISTS `r_price_view`;
CREATE ALGORITHM=UNDEFINED DEFINER=`root`@`localhost` SQL SECURITY DEFINER VIEW `r_price_view` AS select `a`.`id` AS `catid`,(case when (`a`.`priceUnit` = _utf8'0') then `a`.`price` end) AS `CNY`,(case when (`a`.`priceUnit` = _utf8'1') then `a`.`price` end) AS `USD`,(case when (`a`.`priceUnit` = _utf8'2') then `a`.`price` end) AS `SGD`,(case when (`a`.`priceUnit` = _utf8'3') then `a`.`price` end) AS `EUR`,(case when (`a`.`priceUnit` = _utf8'4') then `a`.`price` end) AS `GBP`,(select round((`a`.`price` / `b`.`rate`),2) AS `round((``a``.``price`` / ``b``.``rate``),2)` from `d_rate` `b` where (`b`.`foreignMoney` = `a`.`priceUnit`) order by `b`.`startDateTime` desc limit 1) AS `localPrice` from `b_cat` `a` ;

-- ----------------------------
-- View structure for `r_qty_view`
-- ----------------------------
DROP VIEW IF EXISTS `r_qty_view`;
CREATE ALGORITHM=UNDEFINED DEFINER=`root`@`localhost` SQL SECURITY DEFINER VIEW `r_qty_view` AS select `r`.`id` AS `id`,`r`.`catid` AS `catid`,`r`.`flag` AS `flag`,(case when (month(now()) = 1) then 0 else round(ifnull(`r`.`cqtyIn`,0),2) end) AS `asQtyIn`,(case when (month(now()) = 1) then 0 else round(ifnull(`r`.`cqtyOut`,0),2) end) AS `asQtyOut` from `b_report_r` `r` where (`r`.`flag` = date_format((now() + interval -(1) month),_utf8'%Y%m')) ;

-- ----------------------------
-- Function structure for `getCatId`
-- ----------------------------
DROP FUNCTION IF EXISTS `getCatId`;
DELIMITER ;;
CREATE DEFINER=`root`@`localhost` FUNCTION `getCatId`(`p_catNo` varchar(255), p_batchNo varchar(255),p_price decimal,p_priceUnit varchar(255)) RETURNS varchar(255) CHARSET utf8
BEGIN
	#Routine body goes here...
    DECLARE v_catId,v_price,v_priceUnit VARCHAR(255);
 
    -- catno
    set p_catNo = REPLACE(IFNULL(p_catNo,'N/A'),' ','');
    IF p_catNo = '' or LOWER(p_catNo) = 'null' THEN
        set p_catNo = 'N/A';
    end IF;

    -- batchno
    set p_batchNo = REPLACE(IFNULL(p_batchNo,'N/A'),' ','');
    IF p_batchNo = '' or LOWER(p_batchNo) = 'null' THEN
        set p_batchNo = 'N/A';
    end IF;

    -- priceunit
    set v_priceUnit = getCodeName('money',p_priceUnit);
    IF v_priceUnit = '' or LOWER(v_priceUnit) = 'null' or ISNULL(v_priceUnit) THEN
        set v_priceUnit = 'N/A';
    end IF;

    -- price
    IF p_price = 0 or ISNULL(p_price) THEN
        set v_price = 'N/A';
    ELSE
        set v_price = CAST(ROUND(p_price*100) AS CHAR);
    end IF;
    
    set v_catId = CONCAT(p_catNo,'-',p_batchNo,'-',v_priceUnit,v_price);
	  RETURN v_catId;
END
;;
DELIMITER ;

-- ----------------------------
-- Function structure for `getCodeName`
-- ----------------------------
DROP FUNCTION IF EXISTS `getCodeName`;
DELIMITER ;;
CREATE DEFINER=`root`@`localhost` FUNCTION `getCodeName`(`p_codeType` varchar(255),`p_code` varchar(255)) RETURNS varchar(255) CHARSET utf8
BEGIN
	declare v_codeName VARCHAR(255);

  set v_codeName=(select a.codename from d_code a where a.codetype=p_codeType and a.code=p_code LIMIT 1);

	return (v_codeName);

END
;;
DELIMITER ;

-- ----------------------------
-- Function structure for `getMoney`
-- ----------------------------
DROP FUNCTION IF EXISTS `getMoney`;
DELIMITER ;;
CREATE DEFINER=`root`@`localhost` FUNCTION `getMoney`(`p_inMoneyType` varchar(255),`p_inMoney` double,`p_outMoneyType` varchar(255)) RETURNS double
BEGIN
	-- 统一转换为本币，然后转换为目标币
  DECLARE v_outMoney,v_localMoney,v_rate DOUBLE;
  DECLARE v_localMoneyType VARCHAR(255);
  
  -- 系统中配置的本币
  set v_localMoneyType = (select sysvalue from d_var where syskey='localmoney' LIMIT 1);
  
  -- 输入币种与本币的最新汇率
  set v_rate = (select a.rate from d_rate a where a.localmoney = v_localMoneyType and a.foreignMoney = p_inMoneyType ORDER BY a.startdatetime desc limit 1);
  -- 输入币种换算成本币的价值
  set v_localMoney = p_inMoney / v_rate;

  -- 得到本币与输出币种之间的最新汇率
  set v_rate = (select a.rate from d_rate a where a.localmoney = v_localMoneyType and a.foreignMoney = p_outMoneyType ORDER BY a.startdatetime desc limit 1);
  -- 将本币换算成输出币种的价值
  set v_outMoney = v_localMoney * v_rate;

	RETURN (v_outMoney);
END
;;
DELIMITER ;
DROP TRIGGER IF EXISTS `tg_In_Insert`;
DELIMITER ;;
CREATE TRIGGER `tg_In_Insert` BEFORE INSERT ON `b_in` FOR EACH ROW begin
     declare cnt int;
     set new.catid = getCatId(new.catno,new.batchno,new.price,new.priceunit);
     set cnt=(select count(id) from b_cat a where a.catno=new.catno and a.batchno=new.batchno and a.price=new.price);
     if cnt > 0 then
         update b_cat set total = (total+new.num) where catno=catno and batchno=batchno and price=price;
     else
         insert into b_cat(catid,catno,      catname,      cattype,       batchno,      seq,       total      ,rtype      ,productdate,       producer,       catFrom  ,    expiredate      ,price      ,priceunit       ,localprice      ,dealer , makedate  ,modifydate       ,machinename)
                values(new.catid,new.catno,new.catname,new.cattype,new.batchno,new.seq,new.num,new.rtype,new.productdate,new.producer,new.catFrom,new.expiredate,new.price,new.priceunit,new.localprice,new.dealer, sysdate()   ,sysdate()    ,new.machinename);
     end if;
end
;;
DELIMITER ;
DROP TRIGGER IF EXISTS `tg_In_Update`;
DELIMITER ;;
CREATE TRIGGER `tg_In_Update` AFTER UPDATE ON `b_in` FOR EACH ROW begin
   declare cnt int;
   -- 判断库存表中原来是否有该试剂耗材
   set cnt=(select count(id) from b_cat a where a.catno=new.catno and a.batchno=new.batchno and a.price=new.price);
   -- 如果修改的不是业务主键，目前只能走此分支，界面已经校验业务主键不能修改
   if old.catno = new.catno and old.batchno=new.batchno and old.price=new.price then
       update b_cat a set a.total = (a.total-old.num+new.num),a.modifydate=sysdate() where a.catno=new.catno and a.batchno=new.batchno and a.price=new.price;
      UPDATE b_cat a
        SET 
              a.cattype = new.cattype,
              a.rtype = new.rtype,
              a.productdate = new.productdate,
              a.seq=new.seq,
              a.producer = new.producer,
              a.expiredate = new.expiredate,              
              a.priceunit = new.priceunit,              
              a.dealer = new.dealer
              WHERE
	a.catno = new.catno
             AND a.batchno = new.batchno
             AND a.price = new.price;
   else 
       -- 业务主键修改，先恢复修改前试剂的库存数量
       update b_cat a set a.total = a.total-old.num,a.modifydate=sysdate() where a.catno=old.catno and a.batchno=old.batchno and a.price=old.price;
       if cnt > 0 then
      -- 新试剂库存中存在，则更新新试剂的库存数量
           update b_cat a set a.total=a.total+new.num where a.catno=new.catno and a.batchno=new.batchno and a.price=new.price;
     
       else
           insert into b_cat(catno,         catname,      cattype,        batchno,  total,    rtype,    productdate,    producer,    expiredate,    price,    priceunit,    localprice,        dealer,makedate,modifydate)
                     values(new.catno,new.catname,new.cattype,new.batchno,new.num,new.rtype,new.productdate,new.producer,new.expiredate,new.price,new.priceunit,new.localprice,new.dealer,sysdate(),sysdate());
       end if;
   end if;
end
;;
DELIMITER ;
DROP TRIGGER IF EXISTS `tg_In_Delete`;
DELIMITER ;;
CREATE TRIGGER `tg_In_Delete` AFTER DELETE ON `b_in` FOR EACH ROW begin
     declare v_total,v_delnum float;
     set v_total=(select total from b_cat a where a.catno=old.catno and a.batchno=old.batchno and a.price=old.price);
     set v_delnum = old.num;
     if v_total < old.num  then
          set v_delnum = v_total;  --  只能删掉未出库的入库物品，已经出库的不能删除
          -- 已经出库的重新入库,这里无法实现，需要在程序中处理
          end if;
     update b_cat set total = v_total-v_delnum,modifydate=sysdate() where catno=old.catno and batchno=old.batchno and price=old.price;
     
end
;;
DELIMITER ;
DROP TRIGGER IF EXISTS `tg_Out_Insert`;
DELIMITER ;;
CREATE TRIGGER `tg_Out_Insert` BEFORE INSERT ON `b_out` FOR EACH ROW begin
     declare v_total,v_num float;
     set new.catid = getCatId(new.catno,new.batchno,new.price,new.priceunit);
     set v_total=(select total from b_cat a where a.catid=new.catid);
     if v_total < new.num then
          set new.num = v_total;
     end if;
     update b_cat set total = (v_total-new.num),modifydate=sysdate() ,machineName =new.machineName,machineNo=new.machineNo where catid=new.catid;
     
end
;;
DELIMITER ;
DROP TRIGGER IF EXISTS `tg_Out_Update`;
DELIMITER ;;
CREATE TRIGGER `tg_Out_Update` BEFORE UPDATE ON `b_out` FOR EACH ROW begin
   declare cnt int;
   declare v_total float;
   set cnt=(select count(id) from b_cat a where a.catno=new.catno and a.batchno=new.batchno and a.price=new.price);
   set v_total=(select total from b_cat a where a.catno=new.catno and a.batchno=new.batchno and a.price=new.price);
   --  修改的时候可能会修改业务主键，这里判断
   if old.catno = new.catno and old.batchno=new.batchno and old.price=new.price then
       if  v_total + old.num < new.num then 
           set new.num = v_total + old.num; -- 超额出库，设置最大出库数据为库存
       end if;
      -- 同时修改所属设备和编号  
      update b_cat a set a.total = (a.total+old.num-new.num),a.modifydate=sysdate(),machineName =new.machineName,machineNo=new.machineNo where a.catno=new.catno and a.batchno=new.batchno and a.price=new.price;
   else
       --  修改前的出库数据归库 同时修改所属设备和编号
       update b_cat a set a.total = a.total+old.num,a.modifydate=sysdate(),machineName =new.machineName,machineNo=new.machineNo where a.catno=old.catno and a.batchno=old.batchno and a.price=old.price;
      --  修改后的业务主键存在于库存中，则更新库存，不存在则出库数量为0
       if cnt > 0 then
           if v_total < new.num then
               set new.num = v_total; -- 超出库存，设定为库存
           end if;
          --  同时修改所属设备和编号
           update b_cat a set a.total=a.total-new.num,a.modifydate=sysdate(),machineName =new.machineName,machineNo=new.machineNo where a.catno=new.catno and a.batchno=new.batchno and a.price=new.price;
       else
           set new.num = 0; --  通过修改，出库了一种没有库存的物品，则出库记录修改为0
        end if;
   end if;
end
;;
DELIMITER ;
DROP TRIGGER IF EXISTS `tg_Out_Delete`;
DELIMITER ;;
CREATE TRIGGER `tg_Out_Delete` AFTER DELETE ON `b_out` FOR EACH ROW begin
     update b_cat set total = total+old.num,modifydate=sysdate() where catno=old.catno and batchno=old.batchno and price=old.price;   
end
;;
DELIMITER ;
